-- MySQL dump 10.13  Distrib 8.0.43, for Linux (x86_64)
--
-- Host: localhost    Database: laravel_database
-- ------------------------------------------------------
-- Server version	8.0.43-0ubuntu0.24.04.1

/*!40101 SET @OLD_CHARACTER_SET_CLIENT=@@CHARACTER_SET_CLIENT */;
/*!40101 SET @OLD_CHARACTER_SET_RESULTS=@@CHARACTER_SET_RESULTS */;
/*!40101 SET @OLD_COLLATION_CONNECTION=@@COLLATION_CONNECTION */;
/*!50503 SET NAMES utf8mb4 */;
/*!40103 SET @OLD_TIME_ZONE=@@TIME_ZONE */;
/*!40103 SET TIME_ZONE='+00:00' */;
/*!40014 SET @OLD_UNIQUE_CHECKS=@@UNIQUE_CHECKS, UNIQUE_CHECKS=0 */;
/*!40014 SET @OLD_FOREIGN_KEY_CHECKS=@@FOREIGN_KEY_CHECKS, FOREIGN_KEY_CHECKS=0 */;
/*!40101 SET @OLD_SQL_MODE=@@SQL_MODE, SQL_MODE='NO_AUTO_VALUE_ON_ZERO' */;
/*!40111 SET @OLD_SQL_NOTES=@@SQL_NOTES, SQL_NOTES=0 */;

--
-- Table structure for table `best_friends`
--

DROP TABLE IF EXISTS `best_friends`;
/*!40101 SET @saved_cs_client     = @@character_set_client */;
/*!50503 SET character_set_client = utf8mb4 */;
CREATE TABLE `best_friends` (
  `id` bigint unsigned NOT NULL AUTO_INCREMENT,
  `user_id` bigint unsigned NOT NULL,
  `first_name` varchar(50) COLLATE utf8mb4_unicode_ci NOT NULL,
  `last_name` varchar(50) COLLATE utf8mb4_unicode_ci NOT NULL,
  `created_at` timestamp NULL DEFAULT NULL,
  `updated_at` timestamp NULL DEFAULT NULL,
  PRIMARY KEY (`id`)
) ENGINE=InnoDB AUTO_INCREMENT=146 DEFAULT CHARSET=utf8mb4 COLLATE=utf8mb4_unicode_ci;
/*!40101 SET character_set_client = @saved_cs_client */;

--
-- Dumping data for table `best_friends`
--

LOCK TABLES `best_friends` WRITE;
/*!40000 ALTER TABLE `best_friends` DISABLE KEYS */;
INSERT INTO `best_friends` VALUES (11,19,'b','j','2025-08-22 00:43:55','2025-08-22 00:43:55'),(19,75,'b','j','2025-08-22 07:19:56','2025-08-22 07:19:56'),(50,76,'b','j','2025-08-22 20:34:12','2025-08-22 20:34:12'),(68,77,'b','j','2025-08-22 20:43:39','2025-08-22 20:43:39'),(83,78,'b','j','2025-08-22 20:57:32','2025-08-22 20:57:32'),(145,79,'b','f','2025-08-23 02:05:21','2025-08-23 02:05:21');
/*!40000 ALTER TABLE `best_friends` ENABLE KEYS */;
UNLOCK TABLES;

--
-- Table structure for table `blocked_users`
--

DROP TABLE IF EXISTS `blocked_users`;
/*!40101 SET @saved_cs_client     = @@character_set_client */;
/*!50503 SET character_set_client = utf8mb4 */;
CREATE TABLE `blocked_users` (
  `id` int NOT NULL AUTO_INCREMENT,
  `blocked_by` int NOT NULL,
  `blocked_id` int NOT NULL,
  `blocked_on` date NOT NULL,
  `status` tinyint(1) NOT NULL DEFAULT '1',
  `is_deleted` tinyint(1) NOT NULL DEFAULT '0',
  PRIMARY KEY (`id`)
) ENGINE=InnoDB DEFAULT CHARSET=latin1;
/*!40101 SET character_set_client = @saved_cs_client */;

--
-- Dumping data for table `blocked_users`
--

LOCK TABLES `blocked_users` WRITE;
/*!40000 ALTER TABLE `blocked_users` DISABLE KEYS */;
/*!40000 ALTER TABLE `blocked_users` ENABLE KEYS */;
UNLOCK TABLES;

--
-- Table structure for table `courses`
--

DROP TABLE IF EXISTS `courses`;
/*!40101 SET @saved_cs_client     = @@character_set_client */;
/*!50503 SET character_set_client = utf8mb4 */;
CREATE TABLE `courses` (
  `id` bigint unsigned NOT NULL AUTO_INCREMENT,
  `user_id` bigint unsigned NOT NULL,
  `name` varchar(50) COLLATE utf8mb4_unicode_ci NOT NULL,
  `created_at` timestamp NULL DEFAULT NULL,
  `updated_at` timestamp NULL DEFAULT NULL,
  PRIMARY KEY (`id`)
) ENGINE=InnoDB AUTO_INCREMENT=144 DEFAULT CHARSET=utf8mb4 COLLATE=utf8mb4_unicode_ci;
/*!40101 SET character_set_client = @saved_cs_client */;

--
-- Dumping data for table `courses`
--

LOCK TABLES `courses` WRITE;
/*!40000 ALTER TABLE `courses` DISABLE KEYS */;
INSERT INTO `courses` VALUES (9,19,'CS15','2025-08-22 00:43:55','2025-08-22 00:43:55'),(17,75,'CS15','2025-08-22 07:19:56','2025-08-22 07:19:56'),(48,76,'CS15','2025-08-22 20:34:12','2025-08-22 20:34:12'),(66,77,'CS21','2025-08-22 20:43:39','2025-08-22 20:43:39'),(81,78,'CA13','2025-08-22 20:57:32','2025-08-22 20:57:32'),(143,79,'CA10','2025-08-23 02:05:21','2025-08-23 02:05:21');
/*!40000 ALTER TABLE `courses` ENABLE KEYS */;
UNLOCK TABLES;

--
-- Table structure for table `location_info`
--

DROP TABLE IF EXISTS `location_info`;
/*!40101 SET @saved_cs_client     = @@character_set_client */;
/*!50503 SET character_set_client = utf8mb4 */;
CREATE TABLE `location_info` (
  `id` int NOT NULL AUTO_INCREMENT,
  `user_id` int NOT NULL,
  `latitude` varchar(255) NOT NULL,
  `longitude` varchar(255) NOT NULL,
  `updated_on` date NOT NULL,
  `status` tinyint NOT NULL DEFAULT '1',
  `is_deleted` tinyint NOT NULL DEFAULT '0',
  PRIMARY KEY (`id`)
) ENGINE=InnoDB AUTO_INCREMENT=50 DEFAULT CHARSET=latin1;
/*!40101 SET character_set_client = @saved_cs_client */;

--
-- Dumping data for table `location_info`
--

LOCK TABLES `location_info` WRITE;
/*!40000 ALTER TABLE `location_info` DISABLE KEYS */;
INSERT INTO `location_info` VALUES (1,83,'22.572645','88.35047','2019-05-22',1,0),(2,2,'22.572645','88.35047','2019-05-22',1,0),(3,4,'22.572645','88.35047','2019-05-22',1,0),(4,3,'22.572645','88.35047','2019-05-22',1,0),(5,27,'8.483123779296875','4.603998727768294','2020-08-04',1,0),(6,5,'39.318023681640625','-84.31719427146935','2022-05-18',1,0),(7,110,'39.468170166015625','-84.47709808748047','2019-05-23',1,0),(8,114,'39.48822021484375','-84.45471080959258','2019-05-23',1,0),(9,6,'39.390625','-84.5094816861007','2019-06-21',1,0),(10,7,'39.46832275390625','-84.47679586107829','2022-07-18',1,0),(11,8,'37.4227294921875','-121.90013885498047','2019-05-24',1,0),(12,134,'39.597320556640625','-84.2344055399988','2019-10-24',1,0),(13,9,'37.785834','-122.406417','2019-06-10',1,0),(14,10,'37.442718505859375','-121.94013977050781','2019-05-28',1,0),(15,11,'37.442718505859375','-121.94013977050781','2019-05-28',1,0),(16,13,'39.337646484375','-84.50363857193199','2019-06-01',1,0),(17,14,'37.785834','-122.406417','2019-05-31',1,0),(18,49,'2.134397506713867','117.49562409554785','2021-07-29',1,0),(19,117,'39.419677734375','-84.50611888137443','2021-12-08',1,0),(20,18,'14.55364990234375','120.99285955794431','2019-11-21',1,0),(21,19,'14.415046691894531','121.00624018387226','2019-12-27',1,0),(22,21,'14.581924438476562','121.06504465848569','2020-01-15',1,0),(23,22,'-0.3233160972595215','100.36861287439275','2020-01-26',1,0),(24,24,'-6.888675689697266','107.56001506010774','2020-03-21',1,0),(25,26,'14.662300109863281','121.07751055598368','2020-08-03',1,0),(26,28,'-8.80316162109375','115.19939305158393','2020-09-09',1,0),(27,29,'14.444198608398438','120.9335599787473','2020-09-09',1,0),(28,31,'14.350723266601562','121.05920195786359','2021-01-20',1,0),(29,32,'-6.176689147949219','106.78840471329075','2020-11-19',1,0),(30,36,'14.662651062011719','120.99212036373596','2021-01-18',1,0),(31,34,'-6.186580657958984','106.67803121883469','2022-02-25',1,0),(32,37,'14.523300170898438','121.01432434921689','2021-01-19',1,0),(33,38,'10.324813842773438','123.89814125385497','2021-01-25',1,0),(34,39,'32.406951904296875','-88.77183794983549','2021-01-29',1,0),(35,41,'-6.314811706542969','106.76333010669552','2021-03-09',1,0),(36,45,'-6.218639373779297','107.0386516736677','2021-05-23',1,0),(37,48,'-6.438194274902344','106.69911850373677','2021-07-26',1,0),(38,50,'39.6641845703125','-75.64219498049944','2021-09-12',1,0),(39,53,'-6.140159606933594','106.79854220358315','2021-10-28',1,0),(40,56,'47.138824462890625','27.58227798527826','2022-01-19',1,0),(41,55,'14.554046630859375','121.02133147690067','2022-01-25',1,0),(42,61,'-6.186557769775391','106.67815995068307','2022-02-25',1,0),(43,62,'40.4686279296875','-3.7068783018978726','2022-03-27',1,0),(44,63,'3.47393798828125','97.81408725220587','2022-04-20',1,0),(45,67,'-6.203960418701172','106.85948218615758','2022-07-05',1,0),(46,68,'16.070098876953125','108.15616133633647','2022-07-23',1,0),(47,70,'21.084625244140625','105.78368410125255','2022-07-23',1,0),(48,72,'16.070144653320312','108.15628329320859','2022-07-23',1,0),(49,71,'10.848381042480469','106.64712405776582','2022-07-26',1,0);
/*!40000 ALTER TABLE `location_info` ENABLE KEYS */;
UNLOCK TABLES;

--
-- Table structure for table `location_infos`
--

DROP TABLE IF EXISTS `location_infos`;
/*!40101 SET @saved_cs_client     = @@character_set_client */;
/*!50503 SET character_set_client = utf8mb4 */;
CREATE TABLE `location_infos` (
  `id` bigint unsigned NOT NULL AUTO_INCREMENT,
  `user_id` varchar(191) COLLATE utf8mb4_unicode_ci NOT NULL,
  `latitude` double NOT NULL DEFAULT '0',
  `longitude` double NOT NULL DEFAULT '0',
  `created_at` timestamp NULL DEFAULT NULL,
  `updated_at` timestamp NULL DEFAULT NULL,
  PRIMARY KEY (`id`)
) ENGINE=InnoDB AUTO_INCREMENT=31 DEFAULT CHARSET=utf8mb4 COLLATE=utf8mb4_unicode_ci;
/*!40101 SET character_set_client = @saved_cs_client */;

--
-- Dumping data for table `location_infos`
--

LOCK TABLES `location_infos` WRITE;
/*!40000 ALTER TABLE `location_infos` DISABLE KEYS */;
INSERT INTO `location_infos` VALUES (7,'11',0,0,'2025-08-21 21:27:31','2025-08-21 21:27:31'),(15,'19',35.146353996631,-85.326910599465,'2025-08-22 00:42:04','2025-08-22 00:44:42'),(16,'20',35.146173274942,-85.327001371601,'2025-08-22 00:45:53','2025-08-22 03:49:10'),(29,'85',35.146355203952,-85.326910049765,'2025-08-23 02:23:48','2025-08-23 02:41:56'),(30,'86',35.146161493436,-85.32701193977,'2025-08-23 02:24:27','2025-08-23 02:25:38');
/*!40000 ALTER TABLE `location_infos` ENABLE KEYS */;
UNLOCK TABLES;

--
-- Table structure for table `migrations`
--

DROP TABLE IF EXISTS `migrations`;
/*!40101 SET @saved_cs_client     = @@character_set_client */;
/*!50503 SET character_set_client = utf8mb4 */;
CREATE TABLE `migrations` (
  `id` int unsigned NOT NULL AUTO_INCREMENT,
  `migration` varchar(191) COLLATE utf8mb4_unicode_ci NOT NULL,
  `batch` int NOT NULL,
  PRIMARY KEY (`id`)
) ENGINE=InnoDB AUTO_INCREMENT=27 DEFAULT CHARSET=utf8mb4 COLLATE=utf8mb4_unicode_ci;
/*!40101 SET character_set_client = @saved_cs_client */;

--
-- Dumping data for table `migrations`
--

LOCK TABLES `migrations` WRITE;
/*!40000 ALTER TABLE `migrations` DISABLE KEYS */;
INSERT INTO `migrations` VALUES (1,'2016_06_01_000001_create_oauth_auth_codes_table',1),(2,'2016_06_01_000002_create_oauth_access_tokens_table',1),(3,'2016_06_01_000003_create_oauth_refresh_tokens_table',1),(4,'2016_06_01_000004_create_oauth_clients_table',1),(5,'2016_06_01_000005_create_oauth_personal_access_clients_table',1),(6,'2019_12_14_000001_create_personal_access_tokens_table',1),(7,'2022_08_06_092923_create_users_table',1),(8,'2022_08_09_030939_create_relationship_table',1),(9,'2022_08_10_091036_create_report_table',1),(10,'2022_08_12_071532_create_like_table',1),(11,'2022_08_13_160457_create_location_info_table',1),(12,'2022_08_16_024749_create_list_social_table',1),(13,'2022_08_16_031017_create_social_site_info_table',1),(14,'2023_02_14_151129_create_best_friends_table',1),(15,'2023_02_14_153523_create_courses_table',1),(16,'2025_08_16_000001_add_profile_fields_to_users_table',1),(17,'2025_08_16_000001_add_unique_indexes_to_profile_likes',1),(18,'2025_08_16_000002_create_profile_like_events_table',1),(19,'2025_08_17_000003_add_notify_count_to_profile_like_events',1),(20,'2025_08_22_000001_add_missing_profile_fields_to_users_table',2),(21,'2025_08_22_000002_add_timestamps_to_users_table',3),(22,'2025_08_22_000003_alter_users_make_images_nullable',4),(23,'2025_08_22_000004_alter_users_make_location_nullable',5),(24,'2025_08_22_000005_alter_users_add_device_token_nullable',6),(25,'2025_08_22_000006_alter_users_make_created_updated_on_nullable',7),(26,'2025_08_22_000007_add_city_column_to_users_table',8);
/*!40000 ALTER TABLE `migrations` ENABLE KEYS */;
UNLOCK TABLES;

--
-- Table structure for table `oauth_access_tokens`
--

DROP TABLE IF EXISTS `oauth_access_tokens`;
/*!40101 SET @saved_cs_client     = @@character_set_client */;
/*!50503 SET character_set_client = utf8mb4 */;
CREATE TABLE `oauth_access_tokens` (
  `id` varchar(100) COLLATE utf8mb4_unicode_ci NOT NULL,
  `user_id` bigint unsigned DEFAULT NULL,
  `client_id` bigint unsigned NOT NULL,
  `name` varchar(191) COLLATE utf8mb4_unicode_ci DEFAULT NULL,
  `scopes` text COLLATE utf8mb4_unicode_ci,
  `revoked` tinyint(1) NOT NULL,
  `created_at` timestamp NULL DEFAULT NULL,
  `updated_at` timestamp NULL DEFAULT NULL,
  `expires_at` datetime DEFAULT NULL,
  PRIMARY KEY (`id`),
  KEY `oauth_access_tokens_user_id_index` (`user_id`)
) ENGINE=InnoDB DEFAULT CHARSET=utf8mb4 COLLATE=utf8mb4_unicode_ci;
/*!40101 SET character_set_client = @saved_cs_client */;

--
-- Dumping data for table `oauth_access_tokens`
--

LOCK TABLES `oauth_access_tokens` WRITE;
/*!40000 ALTER TABLE `oauth_access_tokens` DISABLE KEYS */;
INSERT INTO `oauth_access_tokens` VALUES ('01bd6f4258e12ab5d0112c7bac669a7ed13e412fbddf4bea8258fc09ab718dcee51292dd69a17571',16,4,NULL,'[]',0,'2025-08-22 00:13:25','2025-08-22 00:13:25','2026-08-22 00:13:25'),('045b56052f275843604f2b5b9dcfbfac676ed72938b515c124795d8eb9596f7b3926de600494fc7c',5,4,NULL,'[]',0,'2025-08-21 09:59:50','2025-08-21 09:59:50','2026-08-21 09:59:50'),('086dafd63c76e773137a08c1f35a54790e9e7a08728f1f20872672f4f0abedcf092df91341f151fb',1,4,NULL,'[]',0,'2025-08-21 05:12:41','2025-08-21 05:12:41','2026-08-21 05:12:41'),('0b0f77a718d73a221c14aecfb620d624f2b8b8371a02d366309b495b52619391849e3a900ef2a3e3',20,4,NULL,'[]',0,'2025-08-22 00:45:57','2025-08-22 00:45:57','2026-08-22 00:45:57'),('0f56645ea3859ebe6ae22929684060b33af1d08a2e20d5a7e35248b6fa1108ef672e13f234de2259',5,4,NULL,'[]',0,'2025-08-21 08:30:15','2025-08-21 08:30:15','2026-08-21 08:30:15'),('0f859c379a5a8e30113fcde34c73db942a9738283b17aafd68c048533bd568d76efcb0535ea59424',5,4,NULL,'[]',0,'2025-08-21 09:03:01','2025-08-21 09:03:01','2026-08-21 09:03:01'),('1072e1ccc5012fda9a74d968e6296c4895a72024317ec413332ac20fe1e8979b7c69fca8eaaac48f',79,4,NULL,'[]',0,'2025-08-22 21:20:27','2025-08-22 21:20:27','2026-08-22 21:20:27'),('108bad560c9f84940b976dfaf200d671d93b231102a194cc136a3a0ef564cb242742ba6e92ba33bd',77,4,NULL,'[]',0,'2025-08-22 20:43:37','2025-08-22 20:43:37','2026-08-22 20:43:37'),('1178d788f11960a0a3d5435858e302c39221a64b22ec6435fef1ab60b232616b51dccdb727fe5df3',5,4,NULL,'[]',0,'2025-08-21 10:09:15','2025-08-21 10:09:15','2026-08-21 10:09:15'),('11e4c0580b8558fb935801a3d102845c678b6c8619c89c5862e2b4ebede445c80f3c1c5597a4fe84',73,4,NULL,'[]',0,'2025-08-22 06:50:07','2025-08-22 06:50:07','2026-08-22 06:50:07'),('11eae89811faa8b7dbcd49a55db9a9c896de42160da480f62376883b752bfc16b606fe99ef841fb6',5,4,NULL,'[]',0,'2025-08-21 10:32:31','2025-08-21 10:32:31','2026-08-21 10:32:31'),('1330ab5f43c5e0fb2f4e0dd746b2b88d5dc728109cc875a729f318f30932bd31e1face4aeee20377',77,4,NULL,'[]',0,'2025-08-22 20:36:46','2025-08-22 20:36:46','2026-08-22 20:36:46'),('17caca95ba11910a3cb55235ddb76298a6ea90b02b415ddb29c9b3d098862b1164dec57861ca10c5',5,4,NULL,'[]',0,'2025-08-21 10:21:51','2025-08-21 10:21:51','2026-08-21 10:21:51'),('188720080c395fa3e02b5c579bda0eec7d3673d3763397672c56acd5be03bd264f72d72f0db097ac',5,4,NULL,'[]',0,'2025-08-21 10:21:14','2025-08-21 10:21:14','2026-08-21 10:21:14'),('193aa1dece4fb0fea16c8a3aa84f2153a25af9959f9c303c9b0695ddf6bedc44aa0faf8dc7ceb311',1,4,NULL,'[]',0,'2025-08-21 07:02:06','2025-08-21 07:02:06','2026-08-21 07:02:06'),('1c206faf8f41f82171ad18fe42ef6e84fb23a99ba265fa2b119659184afabe5beb45ad5d84cafe94',19,4,NULL,'[]',0,'2025-08-22 00:43:37','2025-08-22 00:43:37','2026-08-22 00:43:37'),('1eec3ae5654a2f9ca142f3414c4dc809f4dcaff1f7d173c0f1d34e86626979845f0f076ab8483c93',85,4,NULL,'[]',0,'2025-08-23 02:41:53','2025-08-23 02:41:53','2026-08-23 02:41:53'),('2652b1446a30c0802277fd076d4279e5bd6c73395e423e82359018af565ec397f21df673f9147cf8',5,4,NULL,'[]',0,'2025-08-21 08:43:12','2025-08-21 08:43:12','2026-08-21 08:43:12'),('26ce19a0e6e279dfadb53a1c3d643b2efc47ed2eb78fa93346e88b8dbcc3c2535a05ce6af0717e2a',13,4,NULL,'[]',0,'2025-08-21 22:21:06','2025-08-21 22:21:06','2026-08-21 22:21:06'),('2a18f6c73f0b1833a64f3177ac6e039e52cb72919b55f20050bd47d76abe1fe7a5e5a8d6cda8bbcd',85,4,NULL,'[]',0,'2025-08-23 02:23:52','2025-08-23 02:23:52','2026-08-23 02:23:52'),('2ac394c1ab0e8f40d23d0fab0f36a361103873d6c2da772e55118adb30cde6bed93f5de37ccbe2e5',5,4,NULL,'[]',0,'2025-08-21 09:30:03','2025-08-21 09:30:03','2026-08-21 09:30:03'),('2e07de9bf5ff467083966b4b5523f930ffa5a860d26627cc9f299be6d43f75928ba2560d0f495494',5,4,NULL,'[]',0,'2025-08-21 09:40:39','2025-08-21 09:40:39','2026-08-21 09:40:39'),('30c2ab305224a4fd4c526e10cb4ebc9e4041b81c5539ac52e80cee4a262728693b617ba728f66421',19,4,NULL,'[]',0,'2025-08-22 00:42:03','2025-08-22 00:42:03','2026-08-22 00:42:03'),('31e68533336a6df0ce2f38b37c6a90b088ed5e12e1480e295d6124417e804d19f26332ccf9e9866c',85,4,NULL,'[]',0,'2025-08-23 02:26:16','2025-08-23 02:26:16','2026-08-23 02:26:16'),('339997c9ef2cd182613c33ce7985515320508f725c19130a2505351b3c797a5bb17ecd799177b751',1,4,NULL,'[]',0,'2025-08-21 05:12:31','2025-08-21 05:12:31','2026-08-21 05:12:31'),('39972fbc462c1e4868c99840fa304329f51a985d142a50b54262190f9c33fccf4ae978280324db3c',16,4,NULL,'[]',0,'2025-08-22 00:14:39','2025-08-22 00:14:39','2026-08-22 00:14:39'),('3caf701ebfbfa46f64f211d55bdb897338df076a68232853c8f4e6c006326d145d65deff2c98fd4c',13,4,NULL,'[]',0,'2025-08-21 22:39:13','2025-08-21 22:39:13','2026-08-21 22:39:13'),('40a2f54a07fa35ea86b9b8388488701e374d8648651cfcfc0156025dec1cbe3eea56883cedce840c',5,4,NULL,'[]',0,'2025-08-21 08:53:38','2025-08-21 08:53:38','2026-08-21 08:53:38'),('41561ef6cd24454d421cf6ae10bf2884a1e2ac98f392184a9dd8d57786b6e7495935740c00dcebf4',13,4,NULL,'[]',0,'2025-08-21 22:29:51','2025-08-21 22:29:51','2026-08-21 22:29:51'),('459c0d0d4dfe848447cdb42618c0a362dc5e4cdad64f1aa073d8848df5cdb49b44051455b8abc9ce',1,4,NULL,'[]',0,'2025-08-21 07:07:06','2025-08-21 07:07:06','2026-08-21 07:07:06'),('462d43ca824895ed8f207e339efe30644a909cccc1bbf39e64926aea19bc8cd8c3b5025e67f552ce',13,4,NULL,'[]',0,'2025-08-21 22:22:45','2025-08-21 22:22:45','2026-08-21 22:22:45'),('48dad1904e646f3ae04f917275c843dd93e4dbf7877b13916dd0059031dc93d2d4b0b14a9dd8cf2b',13,4,NULL,'[]',0,'2025-08-21 22:32:55','2025-08-21 22:32:55','2026-08-21 22:32:55'),('4b7350f1fb371e3c81f822d6f3ba2d2bf089112b506a780f976f3889f0aa425ba66d90ab6defacd6',5,4,NULL,'[]',0,'2025-08-21 08:12:28','2025-08-21 08:12:28','2026-08-21 08:12:28'),('4eec15a4b0e2e2a5c0442c798fcf81ae2f522365d13132614f6a6240ea09f88d563e8852648a317b',5,4,NULL,'[]',0,'2025-08-21 10:34:41','2025-08-21 10:34:41','2026-08-21 10:34:41'),('5e109081d46e22eae6e76bb7665cc45a76f4f12f5e70de8300e4ee647c493c834f79340ff63d86f2',76,4,NULL,'[]',0,'2025-08-22 07:25:45','2025-08-22 07:25:45','2026-08-22 07:25:45'),('5fe6ea77768c8436c5a50e1666be2dc6eba845b1df9bde8ed7aef4c468be9679c7f35e1a6a1a2f35',5,4,NULL,'[]',0,'2025-08-21 08:30:57','2025-08-21 08:30:57','2026-08-21 08:30:57'),('64a173b889db7ce49674981f16befac19eef55808d32393c23e316e5baa0a8a29fac90ff5726bc06',79,4,NULL,'[]',0,'2025-08-22 21:00:32','2025-08-22 21:00:32','2026-08-22 21:00:32'),('65d19065e052593b543bc864354283bc1610a54536c8c6127ff470a60d573877d5bb3a6b0c17504e',5,4,NULL,'[]',0,'2025-08-21 10:08:50','2025-08-21 10:08:50','2026-08-21 10:08:50'),('66f07821970e19b6267faf609db07f28afd89e7de6740dd568788b14deaa038a017a47ccfeab95fa',5,4,NULL,'[]',0,'2025-08-21 10:31:40','2025-08-21 10:31:40','2026-08-21 10:31:40'),('683ab196670cca268593f2ef71bb457c1fa1b695de534db99faacfe14aeb43565b0fa6b13985512e',76,4,NULL,'[]',0,'2025-08-22 20:34:11','2025-08-22 20:34:11','2026-08-22 20:34:11'),('6e967ee3d6dfe345e8e37e299666046765f9454e84bc49197649701259026d34194bd3143aa26a4d',79,4,NULL,'[]',0,'2025-08-23 02:01:25','2025-08-23 02:01:25','2026-08-23 02:01:25'),('73d876612571bc45917d76c9cd098d0e32148cd948a5343752bd8c00feadb5bc935475bed1136951',5,4,NULL,'[]',0,'2025-08-21 08:12:21','2025-08-21 08:12:21','2026-08-21 08:12:21'),('7aaf5196afa2f9d29090f21bb552c4842ec195a53c4891f3a1268bad723c93bc3cf229459167b226',79,4,NULL,'[]',0,'2025-08-22 21:37:32','2025-08-22 21:37:32','2026-08-22 21:37:32'),('7f556a425783292c3c26a2cf260d6e1628711a5bdb1fe6fc7af298e61822b11855e9d4406957c560',5,4,NULL,'[]',0,'2025-08-21 09:32:31','2025-08-21 09:32:31','2026-08-21 09:32:31'),('801fd91ca9159f48892f31b901a01c223b7c2b3d48ce6ce4bf6ec97b7e048744661014dff1f5c432',5,4,NULL,'[]',0,'2025-08-21 10:33:04','2025-08-21 10:33:04','2026-08-21 10:33:04'),('82d1383e30b668ae303d4f71fa4d78b2d2bca095c217ad970a67ec89409e04057acb1ec4ef4262af',5,4,NULL,'[]',0,'2025-08-21 10:07:56','2025-08-21 10:07:56','2026-08-21 10:07:56'),('88121d31dfff31caa4d7e65768ac55e190a0b0b5d5f7eee1a075f1d7fd42f590f55cbb0310e20bbd',11,4,NULL,'[]',0,'2025-08-21 21:17:49','2025-08-21 21:17:49','2026-08-21 21:17:49'),('9198103aecbc29821bb2148af550ab7b0fef67ea601af3a0311a40e5e1b1d6ade955f9c2570d6f52',73,4,NULL,'[]',0,'2025-08-22 06:45:05','2025-08-22 06:45:05','2026-08-22 06:45:05'),('9e93282cd938a65480edda2977a2ed1bd5358e0649b09d8be611176db7a1ae09e29eab8864d3ddd5',1,4,NULL,'[]',0,'2025-08-21 05:13:55','2025-08-21 05:13:55','2026-08-21 05:13:55'),('9f4fd16af1bd52b2f97fe7f0fd45d53381dd29cd3ae228c3fe2249e9fc995cbc2e3082cd9feaecdc',1,4,NULL,'[]',0,'2025-08-21 05:13:23','2025-08-21 05:13:23','2026-08-21 05:13:23'),('9f805709b060febf2a7bcb53089b98a5fb23b24558306a808bad9d962ca65099cd9bf5ecf20a830a',16,4,NULL,'[]',0,'2025-08-21 23:59:54','2025-08-21 23:59:54','2026-08-21 23:59:54'),('a1e8d27d5cdfb074fb5df002570b97943c773794e6be12605eeabeba8754f9966d687720a5e382f3',7,4,NULL,'[]',0,'2025-08-21 20:16:04','2025-08-21 20:16:04','2026-08-21 20:16:04'),('a4fe57f6b12ad922a2fabc24681e7db5a9753f0182703be1eabecd3cf9aba08982401fa412ab2091',5,4,NULL,'[]',0,'2025-08-21 09:53:43','2025-08-21 09:53:43','2026-08-21 09:53:43'),('a531319e3b7d5f9fe783370907bdff82802d0ae4f7db469733ed49c0ad0cb8277a62f7240649acca',79,4,NULL,'[]',0,'2025-08-22 20:59:16','2025-08-22 20:59:16','2026-08-22 20:59:16'),('ab769651152cc4aa705dae596511daacdae2530eaabdb51f95311712c5616816357ee33a28250caa',16,4,NULL,'[]',0,'2025-08-22 00:12:25','2025-08-22 00:12:25','2026-08-22 00:12:25'),('b0b6673edec9b3a4a0ce701446c5c53ff01b962e36c862cae6b4c82c63ecd1431df6041526ec179d',5,4,NULL,'[]',0,'2025-08-21 10:09:42','2025-08-21 10:09:42','2026-08-21 10:09:42'),('b40cf9114ad4f95b410ca171287e45bafa897ba321055c312c00da864975b73e973e75be6e3ac38c',7,4,NULL,'[]',0,'2025-08-21 20:14:48','2025-08-21 20:14:48','2026-08-21 20:14:48'),('b4ac85ce4dbf00ef0b19b36b41169a40814b5d91e23fdc8d4b1780159f8f1078f403046ed082e960',16,4,NULL,'[]',0,'2025-08-21 23:54:00','2025-08-21 23:54:00','2026-08-21 23:54:00'),('b4d717b7a11014326654ea4ca200c9162592e5a135e95afb150d1372d609c1b5ba100d37661f5d27',79,4,NULL,'[]',0,'2025-08-22 21:32:51','2025-08-22 21:32:51','2026-08-22 21:32:51'),('b605505375014f374e4c70442dc69920f61387ed06f5450f9d2a0d6f64ccf17f89563dde3e49c488',79,4,NULL,'[]',0,'2025-08-22 21:31:45','2025-08-22 21:31:45','2026-08-22 21:31:45'),('b627632afdae7ff956d257aac5e435d5302fcf7d6d8246d85c51a97fcbd01340eb25b45a7ed9dfdc',5,4,NULL,'[]',0,'2025-08-21 08:33:50','2025-08-21 08:33:50','2026-08-21 08:33:50'),('b785506ee1789e7fa53d87f81451fce945de98a0327b8b4ef5be498b940af26be4f581160bbc0a60',78,4,NULL,'[]',0,'2025-08-22 20:53:55','2025-08-22 20:53:55','2026-08-22 20:53:55'),('bf2a818a214c008ccc108c7cee8160dc8083d217ef8bc61d1357eb6769ee91883de8860bd7919525',78,4,NULL,'[]',0,'2025-08-22 20:52:40','2025-08-22 20:52:40','2026-08-22 20:52:40'),('c0ac6e38783f0c8e78924bf8c37d92d9b3e5800fba58d74ad7fb49b1981805fa0f05923a4836d391',74,4,NULL,'[]',0,'2025-08-22 06:55:45','2025-08-22 06:55:45','2026-08-22 06:55:45'),('c0b5b6fa72c218ab8f96147d3b45879baf314d48dd6b48e479e74f0dc9ed450cd13444487c690440',79,4,NULL,'[]',0,'2025-08-23 01:55:30','2025-08-23 01:55:30','2026-08-23 01:55:30'),('c5b004cbc8dab409886c513a42b6803e7dda6eb1fc6c4ee61ded5112dfdc33189f355942ca8e7077',5,4,NULL,'[]',0,'2025-08-21 10:07:21','2025-08-21 10:07:21','2026-08-21 10:07:21'),('c5e1dce2e6f700b9f2c50c907c75210882a8f5efa14c232800be6b53a9d98292ed66cea943126e36',77,4,NULL,'[]',0,'2025-08-22 20:40:04','2025-08-22 20:40:04','2026-08-22 20:40:04'),('c7d3c740a82bbc9078338bea648dfba46d3c274822a9f9c54470e96c3acb1c658cf2b260e645f9c2',5,4,NULL,'[]',0,'2025-08-21 10:06:44','2025-08-21 10:06:44','2026-08-21 10:06:44'),('c7ea12952e40b9f1a28e3f8a57b8efb5ecfe0b75ad8e08295575ca78126de2aac021651f09107d84',86,4,NULL,'[]',0,'2025-08-23 02:24:30','2025-08-23 02:24:30','2026-08-23 02:24:30'),('c9685220179b7117e40cdd14bd07e28a7cc64610c3817209f1363df9347715da1c30ef7a239c4830',76,4,NULL,'[]',0,'2025-08-22 20:25:49','2025-08-22 20:25:49','2026-08-22 20:25:49'),('ceba01e7d6a5f49751b81635554eb161739998e4879d6a463475d769d2a502a030f989cda9d98e0a',1,4,NULL,'[]',0,'2025-08-21 05:12:18','2025-08-21 05:12:18','2026-08-21 05:12:18'),('d3f3c109b6496dc8571f49ed0810880f6d817f37af8d73d05b6eb0afeccb19af6501a251b79e940d',20,4,NULL,'[]',0,'2025-08-22 00:45:53','2025-08-22 00:45:53','2026-08-22 00:45:53'),('dba29cc3e7e247eb746f871105e2e0a857556c54d38147bea5a23c1f9863e0bfb69099f632bafd9c',79,4,NULL,'[]',0,'2025-08-22 21:06:53','2025-08-22 21:06:53','2026-08-22 21:06:53'),('de0bcb60d5cec9747f5512524827ba5f4e918aac77cdf34a6966dc101f72543dbbff0befd48fcfb4',20,4,NULL,'[]',0,'2025-08-22 03:47:22','2025-08-22 03:47:22','2026-08-22 03:47:22'),('dee4387cf63761a28fce11f8ca22d006a3354609fa44ca418da7fc7f0d8edea44564c6dc95008f1c',73,4,NULL,'[]',0,'2025-08-22 06:43:45','2025-08-22 06:43:45','2026-08-22 06:43:45'),('df62104e3f810359a0089964c9bbe8ebf499b569f4271337320abeb9d70dfb7f67652477bd26cf27',74,4,NULL,'[]',0,'2025-08-22 07:02:49','2025-08-22 07:02:49','2026-08-22 07:02:49'),('e395fac920de77741f6ca5678b1e84a1b55c9280d5c8308df0e31a5f294fceba394a04ae244da154',79,4,NULL,'[]',0,'2025-08-23 02:04:27','2025-08-23 02:04:27','2026-08-23 02:04:27'),('ee54331a675dff206dca04a10ce9a4a80e4ca74840c43195f53410ca875662332d82c15ad4e2c095',85,4,NULL,'[]',0,'2025-08-23 02:23:47','2025-08-23 02:23:47','2026-08-23 02:23:47'),('ee79bd5250dacaf4aa99d374a15d69bb23d096df4992054579f3b2b5860e3a93ff5bbffc0c43f071',5,4,NULL,'[]',0,'2025-08-21 08:39:56','2025-08-21 08:39:56','2026-08-21 08:39:56'),('f14e508af041af9593d4c7d1d324a661cb1b757f7aa9ecc8cb7efc35a2803fe6e58e176236646844',13,4,NULL,'[]',0,'2025-08-21 22:28:32','2025-08-21 22:28:32','2026-08-21 22:28:32'),('f273663b995a7f30a099c1d45e9adc76515ef08ae91d4471a71e7c04af258fbd496f206f02e5f271',1,4,NULL,'[]',0,'2025-08-21 06:57:28','2025-08-21 06:57:28','2026-08-21 06:57:28'),('f2d4b6914baf66e5ce9e0be3690c1c40bc0434bb732485fa988e0397b5636e5cddda43ce53803413',5,4,NULL,'[]',0,'2025-08-21 09:18:57','2025-08-21 09:18:57','2026-08-21 09:18:57'),('f9f3013e021934a20155003b08a5d1cb0551e599b43bd35b9846cadfeca77f7040843280e055d3dd',79,4,NULL,'[]',0,'2025-08-23 02:05:20','2025-08-23 02:05:20','2026-08-23 02:05:20'),('fa402f5160c4a5746f6a312f74efddd1a59431472277c21bc81e909565e5eda95fe8d121e77d2807',86,4,NULL,'[]',0,'2025-08-23 02:24:27','2025-08-23 02:24:27','2026-08-23 02:24:27'),('fde076f3c531df930090c6c176ff38612758a9a19512ada9b731e3801ca4a17bfca4e3e4407838d7',75,4,NULL,'[]',0,'2025-08-22 07:09:58','2025-08-22 07:09:58','2026-08-22 07:09:58');
/*!40000 ALTER TABLE `oauth_access_tokens` ENABLE KEYS */;
UNLOCK TABLES;

--
-- Table structure for table `oauth_auth_codes`
--

DROP TABLE IF EXISTS `oauth_auth_codes`;
/*!40101 SET @saved_cs_client     = @@character_set_client */;
/*!50503 SET character_set_client = utf8mb4 */;
CREATE TABLE `oauth_auth_codes` (
  `id` varchar(100) COLLATE utf8mb4_unicode_ci NOT NULL,
  `user_id` bigint unsigned NOT NULL,
  `client_id` bigint unsigned NOT NULL,
  `scopes` text COLLATE utf8mb4_unicode_ci,
  `revoked` tinyint(1) NOT NULL,
  `expires_at` datetime DEFAULT NULL,
  PRIMARY KEY (`id`),
  KEY `oauth_auth_codes_user_id_index` (`user_id`)
) ENGINE=InnoDB DEFAULT CHARSET=utf8mb4 COLLATE=utf8mb4_unicode_ci;
/*!40101 SET character_set_client = @saved_cs_client */;

--
-- Dumping data for table `oauth_auth_codes`
--

LOCK TABLES `oauth_auth_codes` WRITE;
/*!40000 ALTER TABLE `oauth_auth_codes` DISABLE KEYS */;
/*!40000 ALTER TABLE `oauth_auth_codes` ENABLE KEYS */;
UNLOCK TABLES;

--
-- Table structure for table `oauth_clients`
--

DROP TABLE IF EXISTS `oauth_clients`;
/*!40101 SET @saved_cs_client     = @@character_set_client */;
/*!50503 SET character_set_client = utf8mb4 */;
CREATE TABLE `oauth_clients` (
  `id` bigint unsigned NOT NULL AUTO_INCREMENT,
  `user_id` bigint unsigned DEFAULT NULL,
  `name` varchar(191) COLLATE utf8mb4_unicode_ci NOT NULL,
  `secret` varchar(100) COLLATE utf8mb4_unicode_ci DEFAULT NULL,
  `provider` varchar(191) COLLATE utf8mb4_unicode_ci DEFAULT NULL,
  `redirect` text COLLATE utf8mb4_unicode_ci NOT NULL,
  `personal_access_client` tinyint(1) NOT NULL,
  `password_client` tinyint(1) NOT NULL,
  `revoked` tinyint(1) NOT NULL,
  `created_at` timestamp NULL DEFAULT NULL,
  `updated_at` timestamp NULL DEFAULT NULL,
  PRIMARY KEY (`id`),
  KEY `oauth_clients_user_id_index` (`user_id`)
) ENGINE=InnoDB AUTO_INCREMENT=5 DEFAULT CHARSET=utf8mb4 COLLATE=utf8mb4_unicode_ci;
/*!40101 SET character_set_client = @saved_cs_client */;

--
-- Dumping data for table `oauth_clients`
--

LOCK TABLES `oauth_clients` WRITE;
/*!40000 ALTER TABLE `oauth_clients` DISABLE KEYS */;
INSERT INTO `oauth_clients` VALUES (1,NULL,'Laravel Personal Access Client','VnJZAaIYP1oOvW8dB57SHTAuBykt1KNT89Pc5APQ',NULL,'http://localhost',1,0,0,'2025-08-21 04:55:00','2025-08-21 04:55:00'),(2,NULL,'Laravel Personal Access Client','BHxymZE9nuNGnIXC2ILpFm49VQyAJF7ZZPdpC7UU',NULL,'http://localhost',1,0,0,'2025-08-21 04:57:37','2025-08-21 04:57:37'),(3,NULL,'Laravel Personal Access Client','BHxymZE9nuNGnIXC2ILpFm49VQyAJF7ZZPdpC7UU','users','http://localhost',1,0,0,'2025-08-21 05:11:08','2025-08-21 05:11:08'),(4,NULL,'Password Grant Client','password-grant-secret-123','users','http://localhost',0,1,0,'2025-08-21 05:12:18','2025-08-21 05:12:18');
/*!40000 ALTER TABLE `oauth_clients` ENABLE KEYS */;
UNLOCK TABLES;

--
-- Table structure for table `oauth_personal_access_clients`
--

DROP TABLE IF EXISTS `oauth_personal_access_clients`;
/*!40101 SET @saved_cs_client     = @@character_set_client */;
/*!50503 SET character_set_client = utf8mb4 */;
CREATE TABLE `oauth_personal_access_clients` (
  `id` bigint unsigned NOT NULL AUTO_INCREMENT,
  `client_id` bigint unsigned NOT NULL,
  `created_at` timestamp NULL DEFAULT NULL,
  `updated_at` timestamp NULL DEFAULT NULL,
  PRIMARY KEY (`id`)
) ENGINE=InnoDB AUTO_INCREMENT=3 DEFAULT CHARSET=utf8mb4 COLLATE=utf8mb4_unicode_ci;
/*!40101 SET character_set_client = @saved_cs_client */;

--
-- Dumping data for table `oauth_personal_access_clients`
--

LOCK TABLES `oauth_personal_access_clients` WRITE;
/*!40000 ALTER TABLE `oauth_personal_access_clients` DISABLE KEYS */;
INSERT INTO `oauth_personal_access_clients` VALUES (1,1,'2025-08-21 04:55:00','2025-08-21 04:55:00'),(2,2,'2025-08-21 04:57:37','2025-08-21 04:57:37');
/*!40000 ALTER TABLE `oauth_personal_access_clients` ENABLE KEYS */;
UNLOCK TABLES;

--
-- Table structure for table `oauth_refresh_tokens`
--

DROP TABLE IF EXISTS `oauth_refresh_tokens`;
/*!40101 SET @saved_cs_client     = @@character_set_client */;
/*!50503 SET character_set_client = utf8mb4 */;
CREATE TABLE `oauth_refresh_tokens` (
  `id` varchar(100) COLLATE utf8mb4_unicode_ci NOT NULL,
  `access_token_id` varchar(100) COLLATE utf8mb4_unicode_ci NOT NULL,
  `revoked` tinyint(1) NOT NULL,
  `expires_at` datetime DEFAULT NULL,
  PRIMARY KEY (`id`),
  KEY `oauth_refresh_tokens_access_token_id_index` (`access_token_id`)
) ENGINE=InnoDB DEFAULT CHARSET=utf8mb4 COLLATE=utf8mb4_unicode_ci;
/*!40101 SET character_set_client = @saved_cs_client */;

--
-- Dumping data for table `oauth_refresh_tokens`
--

LOCK TABLES `oauth_refresh_tokens` WRITE;
/*!40000 ALTER TABLE `oauth_refresh_tokens` DISABLE KEYS */;
INSERT INTO `oauth_refresh_tokens` VALUES ('0028a3d5ee137aeca490fb3da31b1a2feaa032a23145b465e1a0aaaecd3c3e8a89823b2ee7f142fb','fde076f3c531df930090c6c176ff38612758a9a19512ada9b731e3801ca4a17bfca4e3e4407838d7',0,'2026-08-22 07:09:58'),('01bfca9261622a78853183cf025633092cda1ad210b80394e3d0d909367ab8149b30b94165c2d791','a1e8d27d5cdfb074fb5df002570b97943c773794e6be12605eeabeba8754f9966d687720a5e382f3',0,'2026-08-21 20:16:04'),('03075798a1e0c3a79cc4ba71362ff2adf8056cebcdd503bc394d9b5dfb71ad61d470e567d753c79f','0f859c379a5a8e30113fcde34c73db942a9738283b17aafd68c048533bd568d76efcb0535ea59424',0,'2026-08-21 09:03:01'),('0441930aef8bc13dde1d3abf055b1c913ef7e3fdde18c35a78a7cd3210573d7a14590ba437e3ade8','1c206faf8f41f82171ad18fe42ef6e84fb23a99ba265fa2b119659184afabe5beb45ad5d84cafe94',0,'2026-08-22 00:43:37'),('0e4d83b428aedb70379c5e8ee180d3420de95e02a48db10ff21f4316cfb927801420e928ca4b7f86','f2d4b6914baf66e5ce9e0be3690c1c40bc0434bb732485fa988e0397b5636e5cddda43ce53803413',0,'2026-08-21 09:18:57'),('0e7a0bb0dd71738bbf9ed6ef7e4a980a10a002053cd32f0e9ea77cda6b030ab567aff2ccd655dc7d','26ce19a0e6e279dfadb53a1c3d643b2efc47ed2eb78fa93346e88b8dbcc3c2535a05ce6af0717e2a',0,'2026-08-21 22:21:06'),('150921bd91a9d72f0085ba15d0a6e6be5fa8cb41c04f35baf2c33a29cd50aa88499a0ee2fb88f5ad','801fd91ca9159f48892f31b901a01c223b7c2b3d48ce6ce4bf6ec97b7e048744661014dff1f5c432',0,'2026-08-21 10:33:04'),('18ba19af9416a52cac19f69b0025d0fff0ff5460dd43dd40a7d7208cf1f9275a41bcd7feb38d65bf','fa402f5160c4a5746f6a312f74efddd1a59431472277c21bc81e909565e5eda95fe8d121e77d2807',0,'2026-08-23 02:24:27'),('1db9fa0d63945040986ac94ddccd8380e5216f9b12960482ee8542848285282015451d83c6157cde','f14e508af041af9593d4c7d1d324a661cb1b757f7aa9ecc8cb7efc35a2803fe6e58e176236646844',0,'2026-08-21 22:28:32'),('20f937bc6ce322e98e324ad0c1cf8aef99027a651fa6fab1f723a1cd903b34c4ef955297b14b1625','01bd6f4258e12ab5d0112c7bac669a7ed13e412fbddf4bea8258fc09ab718dcee51292dd69a17571',0,'2026-08-22 00:13:25'),('27f0abc98d29252b93aba9448b0773fcaf13a83f2fbb33b2866e6fd69f6b4c852b053b3cdaf29b38','82d1383e30b668ae303d4f71fa4d78b2d2bca095c217ad970a67ec89409e04057acb1ec4ef4262af',0,'2026-08-21 10:07:56'),('2f176e7f408fdd2572b27cfba09969ec1986850e392365f20a0e177d619006ebd293f708e40da465','2652b1446a30c0802277fd076d4279e5bd6c73395e423e82359018af565ec397f21df673f9147cf8',0,'2026-08-21 08:43:12'),('350591edafc7b6f71d0728bc2560dd2bcfc9aa2c9f192851440f472c5adfacd359782535fa9f1339','0f56645ea3859ebe6ae22929684060b33af1d08a2e20d5a7e35248b6fa1108ef672e13f234de2259',0,'2026-08-21 08:30:15'),('3749ac8d67ee3a926f012893909e8bc94dfa2bec60562457ef66a20d1ba46113eeb539cf2cf21276','9f4fd16af1bd52b2f97fe7f0fd45d53381dd29cd3ae228c3fe2249e9fc995cbc2e3082cd9feaecdc',0,'2026-08-21 05:13:23'),('3f68d6c3071fad98c7618b10a545b4a9315c7ff75943ae906c6b87b9891b42230209408be0193fda','3caf701ebfbfa46f64f211d55bdb897338df076a68232853c8f4e6c006326d145d65deff2c98fd4c',0,'2026-08-21 22:39:13'),('429c2b0b341435ec6a0079a45dc1a1bc3a1fce6d5fd4e2cb0e1f7192c4103ffe7b89ca4042c8ac74','de0bcb60d5cec9747f5512524827ba5f4e918aac77cdf34a6966dc101f72543dbbff0befd48fcfb4',0,'2026-08-22 03:47:22'),('4854eccbf50dd0f4afdd77d96886ea0ac7873417cc5421f0fa40e70e26695e0a7229ae311c3b69c9','1072e1ccc5012fda9a74d968e6296c4895a72024317ec413332ac20fe1e8979b7c69fca8eaaac48f',0,'2026-08-22 21:20:27'),('4a3e0dabf67bb7461ea3b390f1738797c380ede21e0bc9008b50520eac537694910d136d2b229cb6','c5e1dce2e6f700b9f2c50c907c75210882a8f5efa14c232800be6b53a9d98292ed66cea943126e36',0,'2026-08-22 20:40:04'),('4af3469009b697a12d5b2dae27ff676d836abea4ede35585ae5885e71718eada04dec887da26d86e','c7d3c740a82bbc9078338bea648dfba46d3c274822a9f9c54470e96c3acb1c658cf2b260e645f9c2',0,'2026-08-21 10:06:44'),('51d6b649813d0803d075a7ee8b14dc2103772aded3dfec3c6718772ceee05ce7867ed32269eb41bf','2a18f6c73f0b1833a64f3177ac6e039e52cb72919b55f20050bd47d76abe1fe7a5e5a8d6cda8bbcd',0,'2026-08-23 02:23:52'),('52e07ba50ee440838c3baec13ddfabd4bfa87275f885cc6822b1d68bf81833ae77a8d9db0bc3f279','c0ac6e38783f0c8e78924bf8c37d92d9b3e5800fba58d74ad7fb49b1981805fa0f05923a4836d391',0,'2026-08-22 06:55:45'),('579936615708a53a430915e4df9cd36ee59af8087dc11e84b5699bfc2693dc897b6218e21e6e4737','0b0f77a718d73a221c14aecfb620d624f2b8b8371a02d366309b495b52619391849e3a900ef2a3e3',0,'2026-08-22 00:45:57'),('57cf6b3b0ae595816a4529e016386d163d33c1248808fce36ccb10262dea1d8bc87fdd488d51450e','339997c9ef2cd182613c33ce7985515320508f725c19130a2505351b3c797a5bb17ecd799177b751',0,'2026-08-21 05:12:31'),('59f3bcd2bf3740e4bc19655fb3a19ef731b504d44754e4088ebc8cf70f3a19972dbf3d19a77f02b7','108bad560c9f84940b976dfaf200d671d93b231102a194cc136a3a0ef564cb242742ba6e92ba33bd',0,'2026-08-22 20:43:37'),('5bb68ce6ca11b28260c45433c9b039e9e142079d4da55602a0c355d4037ed2eaf3c0197dbb070e10','188720080c395fa3e02b5c579bda0eec7d3673d3763397672c56acd5be03bd264f72d72f0db097ac',0,'2026-08-21 10:21:14'),('5c017a44bb25de8f822b9575cc04879fa77adc13c2c4842d7198ebeda81db85d31f9f375606a0e3d','41561ef6cd24454d421cf6ae10bf2884a1e2ac98f392184a9dd8d57786b6e7495935740c00dcebf4',0,'2026-08-21 22:29:51'),('5c92c23e44443066eb18d1caf2db5792469c69b4758c75ea0557b650e5ace918b34d63100fc8a802','65d19065e052593b543bc864354283bc1610a54536c8c6127ff470a60d573877d5bb3a6b0c17504e',0,'2026-08-21 10:08:50'),('64a4e5b642fe9b312e26f6f21a6ea986435390dc2011a900d27b77a13427ce9536a33403992e370c','a531319e3b7d5f9fe783370907bdff82802d0ae4f7db469733ed49c0ad0cb8277a62f7240649acca',0,'2026-08-22 20:59:16'),('65032f9b94b8d845f304d724ee2c8d132af66e800c2c2e5b67488e351887dcef90db1d73a092ccc4','086dafd63c76e773137a08c1f35a54790e9e7a08728f1f20872672f4f0abedcf092df91341f151fb',0,'2026-08-21 05:12:41'),('650b58f30492622243314179ea36e058653a333f8d36be552fd457d0cbaf18e01f611400e59c43c4','c0b5b6fa72c218ab8f96147d3b45879baf314d48dd6b48e479e74f0dc9ed450cd13444487c690440',0,'2026-08-23 01:55:30'),('66248bf1edaab67da15b5c5170aebb8bfbd0a24199fe709c3f6bf8858b15de33f59e8af42f176dab','2ac394c1ab0e8f40d23d0fab0f36a361103873d6c2da772e55118adb30cde6bed93f5de37ccbe2e5',0,'2026-08-21 09:30:03'),('66c0d86e28eb47f4d2319b22dd501ae195d4d53b08b65ee9cabc28db37703b86132442657eef356b','66f07821970e19b6267faf609db07f28afd89e7de6740dd568788b14deaa038a017a47ccfeab95fa',0,'2026-08-21 10:31:40'),('68104a504ab65e212791b6a9ca35a6d7fd235050165bf087b2d8df8a006c91a73050345529baca66','ee79bd5250dacaf4aa99d374a15d69bb23d096df4992054579f3b2b5860e3a93ff5bbffc0c43f071',0,'2026-08-21 08:39:56'),('6bf700f9ac4274108787bbb9b62975a9d55e1da908249e37c587c137098d3154f06d9305453b2341','1330ab5f43c5e0fb2f4e0dd746b2b88d5dc728109cc875a729f318f30932bd31e1face4aeee20377',0,'2026-08-22 20:36:46'),('6d24136f1fa74531218f3b97a62171aef26b8e80bfc6fc2292ca6fa82c30d4919368cbbf24a36fe7','b0b6673edec9b3a4a0ce701446c5c53ff01b962e36c862cae6b4c82c63ecd1431df6041526ec179d',0,'2026-08-21 10:09:42'),('713db97a30c77bf09a261fdde9ab2db1171b1411bd5c0eea4fbe1736e90713bac82b4e74b7c9bb03','f9f3013e021934a20155003b08a5d1cb0551e599b43bd35b9846cadfeca77f7040843280e055d3dd',0,'2026-08-23 02:05:20'),('7246bceda2877cd1289b1d67776103aa5151ad7233400c3b696cd71cd4834dab8351bd4166424c64','dba29cc3e7e247eb746f871105e2e0a857556c54d38147bea5a23c1f9863e0bfb69099f632bafd9c',0,'2026-08-22 21:06:53'),('7298999c35beec5291433aef7823ddc3c0d5cd64c92bd9f2c7506bd5f45ec63673e13c265c9c2a35','31e68533336a6df0ce2f38b37c6a90b088ed5e12e1480e295d6124417e804d19f26332ccf9e9866c',0,'2026-08-23 02:26:16'),('75ad6a0005d0099bf07643f6728840817cee01c54cfce8a437e921262746529dc6124ca6dfcf196f','459c0d0d4dfe848447cdb42618c0a362dc5e4cdad64f1aa073d8848df5cdb49b44051455b8abc9ce',0,'2026-08-21 07:07:06'),('772d51920112be49bb68bcd671a673a15bd33e7844143a87b82ca33891c902950c0ce05b2e3711fc','bf2a818a214c008ccc108c7cee8160dc8083d217ef8bc61d1357eb6769ee91883de8860bd7919525',0,'2026-08-22 20:52:40'),('7d30c3f3563b3e37d80e9386a738546cf7f8f33c51433ca45ad6dfbcba39e0c247c012c08b793a3c','4eec15a4b0e2e2a5c0442c798fcf81ae2f522365d13132614f6a6240ea09f88d563e8852648a317b',0,'2026-08-21 10:34:41'),('7d85743d2a81033b3672c859323356f303e24a8f9ba5d952a6f6870fd4b047fe61ad6d74eccbed52','7f556a425783292c3c26a2cf260d6e1628711a5bdb1fe6fc7af298e61822b11855e9d4406957c560',0,'2026-08-21 09:32:31'),('808f50ee8bb1a54e0e60aee395659aebe13e785989488edea32a5473c6d9ba6b4a9d8fe080645e37','ee54331a675dff206dca04a10ce9a4a80e4ca74840c43195f53410ca875662332d82c15ad4e2c095',0,'2026-08-23 02:23:47'),('83ee8af81a25a9fa88db2b4a2d9c2f13f86ec861a601c49fcb15069cbc470d69acfdf7786be35208','9e93282cd938a65480edda2977a2ed1bd5358e0649b09d8be611176db7a1ae09e29eab8864d3ddd5',0,'2026-08-21 05:13:55'),('856d7af3c7a85378b68f60a6da1522c0be5a88c7d5d6a658e5cf41c4d720d99179c04fa8f5152824','ab769651152cc4aa705dae596511daacdae2530eaabdb51f95311712c5616816357ee33a28250caa',0,'2026-08-22 00:12:25'),('8902fae34ea40182c610815d853b99a7d5b4890e4933c9f84ee78833a6743c8a141ab63eb014b01a','b40cf9114ad4f95b410ca171287e45bafa897ba321055c312c00da864975b73e973e75be6e3ac38c',0,'2026-08-21 20:14:48'),('8fb9d7b144a3bae2f6ddd2e86abb556a13c049cef66acc738812fbeee9e154829aa688c7fe42c77f','462d43ca824895ed8f207e339efe30644a909cccc1bbf39e64926aea19bc8cd8c3b5025e67f552ce',0,'2026-08-21 22:22:45'),('91d13e45afee5c2266525f858227b0c6fdebb56238d06880564da8c2472681fd38fd7593cd14a4c2','11e4c0580b8558fb935801a3d102845c678b6c8619c89c5862e2b4ebede445c80f3c1c5597a4fe84',0,'2026-08-22 06:50:07'),('9314c7353d0aeda5845e10d49177415762ff5d1b4ac19ffbe4a3a1f5216ef6a243fde020cc8fc3ee','a4fe57f6b12ad922a2fabc24681e7db5a9753f0182703be1eabecd3cf9aba08982401fa412ab2091',0,'2026-08-21 09:53:43'),('94e08825194b6c80cda3429604b55a174cc91f3e71c931d166de9ba1776b4c63f755a5c587aaeaef','39972fbc462c1e4868c99840fa304329f51a985d142a50b54262190f9c33fccf4ae978280324db3c',0,'2026-08-22 00:14:39'),('996009fa0e0bf89e7d2edfcb47300abe0fc766732f38239d3734f5ca7f245cf35ed76de7d62958e4','c7ea12952e40b9f1a28e3f8a57b8efb5ecfe0b75ad8e08295575ca78126de2aac021651f09107d84',0,'2026-08-23 02:24:30'),('99de2991f48e89eb35d1510becb5ea31e7d5b0ba2677edf93911fee0b52a691ad1faa9ebde10ad0d','d3f3c109b6496dc8571f49ed0810880f6d817f37af8d73d05b6eb0afeccb19af6501a251b79e940d',0,'2026-08-22 00:45:53'),('99ed6d7445f16d5886ca2cd80041f8fc724f026da6c1fd101abf67da6f5603a1e4b5ce7c38caf485','2e07de9bf5ff467083966b4b5523f930ffa5a860d26627cc9f299be6d43f75928ba2560d0f495494',0,'2026-08-21 09:40:39'),('9ec3faef195bf8d8b2567edad0366400f4580d62d83ee057989ea40a414b203696ab456b12be1948','b627632afdae7ff956d257aac5e435d5302fcf7d6d8246d85c51a97fcbd01340eb25b45a7ed9dfdc',0,'2026-08-21 08:33:50'),('a086c561344070d11546798f369c4338bd244ebf295de83033180b4aed6731ae5427e92af66d3980','17caca95ba11910a3cb55235ddb76298a6ea90b02b415ddb29c9b3d098862b1164dec57861ca10c5',0,'2026-08-21 10:21:51'),('a67283d82a8fd07ceea96a73308cc4af26b5162a4db1bd67b3b640a5cf9ec773328f23ed396cabd7','7aaf5196afa2f9d29090f21bb552c4842ec195a53c4891f3a1268bad723c93bc3cf229459167b226',0,'2026-08-22 21:37:32'),('aaf12aa85de8610852b9f9a97813e2a38d6216424d57584faca39b8cfa566780dc30a27344e890c0','5fe6ea77768c8436c5a50e1666be2dc6eba845b1df9bde8ed7aef4c468be9679c7f35e1a6a1a2f35',0,'2026-08-21 08:30:57'),('af34b00adb2ce08a98c06fc70e25f2c5e77dfe07bf93b435f10892cd18fb64cc1d69f9cfeb4af4f2','9198103aecbc29821bb2148af550ab7b0fef67ea601af3a0311a40e5e1b1d6ade955f9c2570d6f52',0,'2026-08-22 06:45:05'),('b59b4b9f73750c2e8f792cb8626d58550e579ca04a1f1a335ba21c512ee41fd90bf104ff83dc7c5f','40a2f54a07fa35ea86b9b8388488701e374d8648651cfcfc0156025dec1cbe3eea56883cedce840c',0,'2026-08-21 08:53:38'),('bc308ad8cfc7fabadc49e728d6186f659c40d9fe118b7441dc38451620d04f3e6b0b2c6fd33d96f1','045b56052f275843604f2b5b9dcfbfac676ed72938b515c124795d8eb9596f7b3926de600494fc7c',0,'2026-08-21 09:59:50'),('c03b78884f585570a75123f71491e46adb0df5193cf677ac6210a185e7f6a573fc21973e8a2c7a9f','1178d788f11960a0a3d5435858e302c39221a64b22ec6435fef1ab60b232616b51dccdb727fe5df3',0,'2026-08-21 10:09:15'),('c0d7425946d6571bf5c91e5ad6989e16bd5f43d1ea8c79047987b12bbdfdbd066c3b22898250a0b7','88121d31dfff31caa4d7e65768ac55e190a0b0b5d5f7eee1a075f1d7fd42f590f55cbb0310e20bbd',0,'2026-08-21 21:17:49'),('c8a8a8d4bec254cf865b746525cf75ab9320a5749fe184b3443daedc9c658331f9f02388b9408e2b','df62104e3f810359a0089964c9bbe8ebf499b569f4271337320abeb9d70dfb7f67652477bd26cf27',0,'2026-08-22 07:02:49'),('c92a46649cb636f9f1a9bdf81e8c53361a6bdcf380c46d62be4b14799d6e60f706fa7929f4aa9fc2','4b7350f1fb371e3c81f822d6f3ba2d2bf089112b506a780f976f3889f0aa425ba66d90ab6defacd6',0,'2026-08-21 08:12:28'),('cb1d6775f2a97516585b5275ea01ef349a4cf04316f7a26e759b115ac48e9cca775473832a9a2bd6','e395fac920de77741f6ca5678b1e84a1b55c9280d5c8308df0e31a5f294fceba394a04ae244da154',0,'2026-08-23 02:04:27'),('d0d621df656f2b1a8c554f1d3834e301b161ffe15c0deaf0b417796ce9153175a68d69af7284b22c','11eae89811faa8b7dbcd49a55db9a9c896de42160da480f62376883b752bfc16b606fe99ef841fb6',0,'2026-08-21 10:32:31'),('d158a670cdabc95c9d31b30bbcf6ae1fc125456abffae9948b69f1ba47e3c68c1b3f64ff316c1983','683ab196670cca268593f2ef71bb457c1fa1b695de534db99faacfe14aeb43565b0fa6b13985512e',0,'2026-08-22 20:34:11'),('d2864a595d002cfee9817596951c4620b06da3b0598476d77c21e83f19de8e1494b84cab65cfbe83','f273663b995a7f30a099c1d45e9adc76515ef08ae91d4471a71e7c04af258fbd496f206f02e5f271',0,'2026-08-21 06:57:28'),('d3e39e2d4c01bb161519301b72e002a21bfeab3a7c06d13418dfe617595f3a415b6d2dde3ecfbc82','ceba01e7d6a5f49751b81635554eb161739998e4879d6a463475d769d2a502a030f989cda9d98e0a',0,'2026-08-21 05:12:18'),('d525de630a3fb885a0085fbc4f8c9834a93073c4c5c11d2259bdd32e8a015443c1afaa2fb7fc696a','c9685220179b7117e40cdd14bd07e28a7cc64610c3817209f1363df9347715da1c30ef7a239c4830',0,'2026-08-22 20:25:49'),('dacbc670529fe08ea2901325215e24b20a1964cc8dd6ac7d6523c110983a8501c923506d28b7b018','b785506ee1789e7fa53d87f81451fce945de98a0327b8b4ef5be498b940af26be4f581160bbc0a60',0,'2026-08-22 20:53:55'),('dd4c9ceca0383139287811948aad8d7f7d7c49a2861465534983e25f9917b9a0ca835d9200bccfa5','dee4387cf63761a28fce11f8ca22d006a3354609fa44ca418da7fc7f0d8edea44564c6dc95008f1c',0,'2026-08-22 06:43:45'),('df16ef50429535c52327c70005e7501cc4dff109feace1ed7ed899a9fd51010f2496409cb551241f','30c2ab305224a4fd4c526e10cb4ebc9e4041b81c5539ac52e80cee4a262728693b617ba728f66421',0,'2026-08-22 00:42:03'),('e0433fac531ed40fa065e84e416a2116ed47b85a8f29fd5733f7d6b47a7e3b15839e656c36797377','73d876612571bc45917d76c9cd098d0e32148cd948a5343752bd8c00feadb5bc935475bed1136951',0,'2026-08-21 08:12:21'),('e45bfd05c305be5662775af484339f50c1925a7df383f234f98f6ccb0b5b4b764c10bfe1a5b9790d','9f805709b060febf2a7bcb53089b98a5fb23b24558306a808bad9d962ca65099cd9bf5ecf20a830a',0,'2026-08-21 23:59:54'),('e5b27a3d24616a4d8efcdb810c2e00b8e52bba394d163f6bbb05942453f622dbeb003fa83d743cda','b4d717b7a11014326654ea4ca200c9162592e5a135e95afb150d1372d609c1b5ba100d37661f5d27',0,'2026-08-22 21:32:51'),('ebaa8e8c73732ed8e260e3ca36a06731cabbd7d9e637f5b3f9806cfc243e2a58a9cd6d3eca6ef690','193aa1dece4fb0fea16c8a3aa84f2153a25af9959f9c303c9b0695ddf6bedc44aa0faf8dc7ceb311',0,'2026-08-21 07:02:06'),('ec154f3322760358aa7fca98869e2e7570335cc89521aa9b3e28af7306e8939ea53ce20204f500a8','5e109081d46e22eae6e76bb7665cc45a76f4f12f5e70de8300e4ee647c493c834f79340ff63d86f2',0,'2026-08-22 07:25:45'),('f085ba693d08987e0a1eb5f7b29dc7287de2ec1ec95071bfddb4bc1dd909587e4021627d3628bb4b','48dad1904e646f3ae04f917275c843dd93e4dbf7877b13916dd0059031dc93d2d4b0b14a9dd8cf2b',0,'2026-08-21 22:32:55'),('f5b9bb5279178e1d5c3b75dc5aa2d49016b6031a167541ecfda7812c73d92ddea5560bdbac90442d','c5b004cbc8dab409886c513a42b6803e7dda6eb1fc6c4ee61ded5112dfdc33189f355942ca8e7077',0,'2026-08-21 10:07:21'),('f6e3c5d41b623a47a5fe27b7422f6a84bd153abc1b6662d83e68f8298d8be0c7ce8ed0172f4e4095','b605505375014f374e4c70442dc69920f61387ed06f5450f9d2a0d6f64ccf17f89563dde3e49c488',0,'2026-08-22 21:31:45'),('f821a0b689c55fa3a988b32c5bd923f4a3c9b2e4543b0965c8295be352ef3b51b65e26b70bc7676a','1eec3ae5654a2f9ca142f3414c4dc809f4dcaff1f7d173c0f1d34e86626979845f0f076ab8483c93',0,'2026-08-23 02:41:53'),('f8995d651c79924c9ba04d83b5fa2ff837aa5073edc9b2c454fa7187989335fc56a275566ceee128','64a173b889db7ce49674981f16befac19eef55808d32393c23e316e5baa0a8a29fac90ff5726bc06',0,'2026-08-22 21:00:32'),('f91838920210b9dc4648db327061e6ac7920f19b13477d46da43db65115c2fcffeaa85cc2acac1b8','b4ac85ce4dbf00ef0b19b36b41169a40814b5d91e23fdc8d4b1780159f8f1078f403046ed082e960',0,'2026-08-21 23:54:00'),('ff8f0873c4272ba244f0e022623c34b69616381302bec1b995debea4ee090e7bde4f039878ba9518','6e967ee3d6dfe345e8e37e299666046765f9454e84bc49197649701259026d34194bd3143aa26a4d',0,'2026-08-23 02:01:25');
/*!40000 ALTER TABLE `oauth_refresh_tokens` ENABLE KEYS */;
UNLOCK TABLES;

--
-- Table structure for table `personal_access_tokens`
--

DROP TABLE IF EXISTS `personal_access_tokens`;
/*!40101 SET @saved_cs_client     = @@character_set_client */;
/*!50503 SET character_set_client = utf8mb4 */;
CREATE TABLE `personal_access_tokens` (
  `id` bigint unsigned NOT NULL AUTO_INCREMENT,
  `tokenable_type` varchar(191) COLLATE utf8mb4_unicode_ci NOT NULL,
  `tokenable_id` bigint unsigned NOT NULL,
  `name` varchar(191) COLLATE utf8mb4_unicode_ci NOT NULL,
  `token` varchar(64) COLLATE utf8mb4_unicode_ci NOT NULL,
  `abilities` text COLLATE utf8mb4_unicode_ci,
  `last_used_at` timestamp NULL DEFAULT NULL,
  `created_at` timestamp NULL DEFAULT NULL,
  `updated_at` timestamp NULL DEFAULT NULL,
  PRIMARY KEY (`id`),
  UNIQUE KEY `personal_access_tokens_token_unique` (`token`),
  KEY `personal_access_tokens_tokenable_type_tokenable_id_index` (`tokenable_type`,`tokenable_id`)
) ENGINE=InnoDB DEFAULT CHARSET=utf8mb4 COLLATE=utf8mb4_unicode_ci;
/*!40101 SET character_set_client = @saved_cs_client */;

--
-- Dumping data for table `personal_access_tokens`
--

LOCK TABLES `personal_access_tokens` WRITE;
/*!40000 ALTER TABLE `personal_access_tokens` DISABLE KEYS */;
/*!40000 ALTER TABLE `personal_access_tokens` ENABLE KEYS */;
UNLOCK TABLES;

--
-- Table structure for table `profile_like_events`
--

DROP TABLE IF EXISTS `profile_like_events`;
/*!40101 SET @saved_cs_client     = @@character_set_client */;
/*!50503 SET character_set_client = utf8mb4 */;
CREATE TABLE `profile_like_events` (
  `id` bigint unsigned NOT NULL AUTO_INCREMENT,
  `user_id` bigint unsigned NOT NULL,
  `profile_id` bigint unsigned NOT NULL,
  `notified_at` timestamp NULL DEFAULT NULL,
  `notify_count` tinyint unsigned NOT NULL DEFAULT '0',
  PRIMARY KEY (`id`),
  UNIQUE KEY `profile_like_events_user_id_profile_id_unique` (`user_id`,`profile_id`),
  KEY `profile_like_events_user_id_index` (`user_id`),
  KEY `profile_like_events_profile_id_index` (`profile_id`)
) ENGINE=InnoDB AUTO_INCREMENT=9 DEFAULT CHARSET=utf8mb4 COLLATE=utf8mb4_unicode_ci;
/*!40101 SET character_set_client = @saved_cs_client */;

--
-- Dumping data for table `profile_like_events`
--

LOCK TABLES `profile_like_events` WRITE;
/*!40000 ALTER TABLE `profile_like_events` DISABLE KEYS */;
INSERT INTO `profile_like_events` VALUES (1,20,19,'2025-08-22 03:47:40',2),(7,86,85,'2025-08-23 02:25:11',2),(8,85,86,'2025-08-23 02:26:32',2);
/*!40000 ALTER TABLE `profile_like_events` ENABLE KEYS */;
UNLOCK TABLES;

--
-- Table structure for table `profile_likes`
--

DROP TABLE IF EXISTS `profile_likes`;
/*!40101 SET @saved_cs_client     = @@character_set_client */;
/*!50503 SET character_set_client = utf8mb4 */;
CREATE TABLE `profile_likes` (
  `id` int NOT NULL AUTO_INCREMENT,
  `profile_id` int NOT NULL,
  `user_id` int NOT NULL,
  `is_liked` tinyint NOT NULL DEFAULT '1',
  `created_on` date NOT NULL,
  `updated_on` date NOT NULL,
  `status` tinyint NOT NULL DEFAULT '1',
  `is_deleted` tinyint NOT NULL DEFAULT '0',
  PRIMARY KEY (`id`)
) ENGINE=InnoDB AUTO_INCREMENT=22 DEFAULT CHARSET=latin1;
/*!40101 SET character_set_client = @saved_cs_client */;

--
-- Dumping data for table `profile_likes`
--

LOCK TABLES `profile_likes` WRITE;
/*!40000 ALTER TABLE `profile_likes` DISABLE KEYS */;
INSERT INTO `profile_likes` VALUES (1,5,7,0,'2021-08-12','2021-08-12',1,0),(2,8,5,1,'2022-03-13','2022-03-13',1,0),(3,30,5,1,'2022-03-13','2022-03-13',1,0),(4,47,68,0,'2022-07-18','2022-07-23',1,0),(5,79,79,1,'2025-08-22','2025-08-22',1,1),(6,79,79,1,'2025-08-22','2025-08-22',1,1),(9,79,79,1,'2025-08-23','2025-08-23',1,0),(15,85,86,1,'2025-08-23','2025-08-23',1,1),(16,85,86,1,'2025-08-23','2025-08-23',1,0),(17,86,85,1,'2025-08-23','2025-08-23',1,1),(18,86,85,1,'2025-08-23','2025-08-23',1,0),(19,85,85,1,'2025-08-23','2025-08-23',1,1),(20,85,85,1,'2025-08-23','2025-08-23',1,1),(21,85,85,1,'2025-08-23','2025-08-23',1,1);
/*!40000 ALTER TABLE `profile_likes` ENABLE KEYS */;
UNLOCK TABLES;
/*!50003 SET @saved_cs_client      = @@character_set_client */ ;
/*!50003 SET @saved_cs_results     = @@character_set_results */ ;
/*!50003 SET @saved_col_connection = @@collation_connection */ ;
/*!50003 SET character_set_client  = utf8mb4 */ ;
/*!50003 SET character_set_results = utf8mb4 */ ;
/*!50003 SET collation_connection  = utf8mb4_general_ci */ ;
/*!50003 SET @saved_sql_mode       = @@sql_mode */ ;
/*!50003 SET sql_mode              = 'NO_AUTO_VALUE_ON_ZERO' */ ;
DELIMITER ;;
/*!50003 CREATE*/ /*!50017 DEFINER=`laravel_user`@`localhost`*/ /*!50003 TRIGGER `profile_likes_ai` AFTER INSERT ON `profile_likes` FOR EACH ROW UPDATE users
  SET profile_like_count = (SELECT COUNT(id) from profile_likes where users.id=profile_likes.profile_id AND profile_likes.is_liked=1 AND profile_likes.status=1 AND profile_likes.is_deleted=0)
WHERE users.id=new.profile_id */;;
DELIMITER ;
/*!50003 SET sql_mode              = @saved_sql_mode */ ;
/*!50003 SET character_set_client  = @saved_cs_client */ ;
/*!50003 SET character_set_results = @saved_cs_results */ ;
/*!50003 SET collation_connection  = @saved_col_connection */ ;
/*!50003 SET @saved_cs_client      = @@character_set_client */ ;
/*!50003 SET @saved_cs_results     = @@character_set_results */ ;
/*!50003 SET @saved_col_connection = @@collation_connection */ ;
/*!50003 SET character_set_client  = utf8mb4 */ ;
/*!50003 SET character_set_results = utf8mb4 */ ;
/*!50003 SET collation_connection  = utf8mb4_general_ci */ ;
/*!50003 SET @saved_sql_mode       = @@sql_mode */ ;
/*!50003 SET sql_mode              = 'NO_AUTO_VALUE_ON_ZERO' */ ;
DELIMITER ;;
/*!50003 CREATE*/ /*!50017 DEFINER=`laravel_user`@`localhost`*/ /*!50003 TRIGGER `profile_likes_au` AFTER UPDATE ON `profile_likes` FOR EACH ROW UPDATE users
  SET profile_like_count = (SELECT COUNT(id) from profile_likes where users.id=profile_likes.profile_id AND profile_likes.is_liked=1 AND profile_likes.status=1 AND profile_likes.is_deleted=0)
WHERE users.id=old.profile_id */;;
DELIMITER ;
/*!50003 SET sql_mode              = @saved_sql_mode */ ;
/*!50003 SET character_set_client  = @saved_cs_client */ ;
/*!50003 SET character_set_results = @saved_cs_results */ ;
/*!50003 SET collation_connection  = @saved_col_connection */ ;

--
-- Table structure for table `profile_visit_analytics`
--

DROP TABLE IF EXISTS `profile_visit_analytics`;
/*!40101 SET @saved_cs_client     = @@character_set_client */;
/*!50503 SET character_set_client = utf8mb4 */;
CREATE TABLE `profile_visit_analytics` (
  `id` int NOT NULL AUTO_INCREMENT,
  `user_id` int NOT NULL,
  `visited_profile_id` int NOT NULL,
  `type` tinyint NOT NULL DEFAULT '0',
  `visited_on` date NOT NULL,
  `created_on` date NOT NULL,
  `updated_on` date NOT NULL,
  `status` tinyint NOT NULL DEFAULT '1',
  `is_deleted` tinyint NOT NULL DEFAULT '0',
  PRIMARY KEY (`id`)
) ENGINE=InnoDB AUTO_INCREMENT=97 DEFAULT CHARSET=latin1;
/*!40101 SET character_set_client = @saved_cs_client */;

--
-- Dumping data for table `profile_visit_analytics`
--

LOCK TABLES `profile_visit_analytics` WRITE;
/*!40000 ALTER TABLE `profile_visit_analytics` DISABLE KEYS */;
INSERT INTO `profile_visit_analytics` VALUES (1,5,6,0,'2019-05-23','2019-05-23','2019-05-23',1,0),(2,7,6,0,'2019-05-23','2019-05-23','2019-05-23',1,0),(3,7,5,0,'2019-05-23','2019-05-23','2019-05-23',1,0),(4,7,5,3,'2019-05-23','2019-05-23','2019-05-23',1,0),(5,7,5,6,'2019-05-23','2019-05-23','2019-05-23',1,0),(6,7,5,10,'2019-05-23','2019-05-23','2019-05-23',1,0),(7,7,3,0,'2019-05-23','2019-05-23','2019-05-23',1,0),(8,5,4,0,'2019-05-23','2019-05-23','2019-05-23',1,0),(9,5,2,0,'2019-05-23','2019-05-23','2019-05-23',1,0),(10,5,3,0,'2019-05-23','2019-05-23','2019-05-23',1,0),(11,5,7,0,'2019-05-23','2019-05-23','2019-05-23',1,0),(12,6,5,0,'2019-05-25','2019-05-25','2019-05-25',1,0),(13,6,7,0,'2019-05-25','2019-05-25','2019-05-25',1,0),(14,5,6,3,'2019-05-25','2019-05-25','2019-05-25',1,0),(15,5,6,6,'2019-05-25','2019-05-25','2019-05-25',1,0),(16,134,5,0,'2019-05-25','2019-05-25','2019-05-25',1,0),(17,134,5,3,'2019-05-25','2019-05-25','2019-05-25',1,0),(18,134,5,10,'2019-05-25','2019-05-25','2019-05-25',1,0),(19,134,5,6,'2019-05-25','2019-05-25','2019-05-25',1,0),(20,134,7,0,'2019-05-25','2019-05-25','2019-05-25',1,0),(21,9,8,0,'2019-05-27','2019-05-27','2019-05-27',1,0),(22,9,7,0,'2019-05-27','2019-05-27','2019-05-27',1,0),(23,9,6,0,'2019-05-27','2019-05-27','2019-05-27',1,0),(24,9,6,3,'2019-05-27','2019-05-27','2019-05-27',1,0),(25,9,5,0,'2019-05-27','2019-05-27','2019-05-27',1,0),(26,9,5,3,'2019-05-27','2019-05-27','2019-05-27',1,0),(27,9,5,10,'2019-05-27','2019-05-27','2019-05-27',1,0),(28,9,5,6,'2019-05-27','2019-05-27','2019-05-27',1,0),(29,9,6,6,'2019-05-27','2019-05-27','2019-05-27',1,0),(30,9,10,0,'2019-05-27','2019-05-27','2019-05-27',1,0),(31,10,8,0,'2019-05-28','2019-05-28','2019-05-28',1,0),(32,11,8,0,'2019-05-28','2019-05-28','2019-05-28',1,0),(33,11,10,0,'2019-05-28','2019-05-28','2019-05-28',1,0),(34,13,5,0,'2019-05-29','2019-05-29','2019-05-29',1,0),(35,13,11,0,'2019-05-30','2019-05-30','2019-05-30',1,0),(36,7,13,0,'2019-06-01','2019-06-01','2019-06-01',1,0),(37,5,13,0,'2019-06-05','2019-06-05','2019-06-05',1,0),(38,5,9,0,'2019-06-07','2019-06-07','2019-06-07',1,0),(39,5,9,1,'2019-06-07','2019-06-07','2019-06-07',1,0),(40,5,11,0,'2019-06-07','2019-06-07','2019-06-07',1,0),(41,5,12,0,'2019-06-07','2019-06-07','2019-06-07',1,0),(42,5,8,0,'2019-06-07','2019-06-07','2019-06-07',1,0),(43,5,10,0,'2019-06-07','2019-06-07','2019-06-07',1,0),(44,15,5,0,'2019-06-20','2019-06-20','2019-06-20',1,0),(45,15,12,0,'2019-06-20','2019-06-20','2019-06-20',1,0),(46,15,13,0,'2019-06-20','2019-06-20','2019-06-20',1,0),(47,15,14,0,'2019-06-20','2019-06-20','2019-06-20',1,0),(48,15,9,0,'2019-06-20','2019-06-20','2019-06-20',1,0),(49,7,12,0,'2019-07-19','2019-07-19','2019-07-19',1,0),(50,16,9,0,'2019-07-24','2019-07-24','2019-07-24',1,0),(51,16,5,0,'2019-07-24','2019-07-24','2019-07-24',1,0),(52,5,24,0,'2020-12-23','2020-12-23','2020-12-23',1,0),(53,5,21,0,'2020-12-23','2020-12-23','2020-12-23',1,0),(54,5,23,0,'2020-12-23','2020-12-23','2020-12-23',1,0),(55,5,25,0,'2020-12-23','2020-12-23','2020-12-23',1,0),(56,5,34,0,'2020-12-23','2020-12-23','2020-12-23',1,0),(57,5,33,0,'2020-12-23','2020-12-23','2020-12-23',1,0),(58,5,32,0,'2020-12-23','2020-12-23','2020-12-23',1,0),(59,5,31,0,'2020-12-23','2020-12-23','2020-12-23',1,0),(60,5,16,0,'2020-12-23','2020-12-23','2020-12-23',1,0),(61,5,18,0,'2020-12-23','2020-12-23','2020-12-23',1,0),(62,5,22,0,'2020-12-23','2020-12-23','2020-12-23',1,0),(63,5,29,0,'2020-12-23','2020-12-23','2020-12-23',1,0),(64,5,27,0,'2020-12-23','2020-12-23','2020-12-23',1,0),(65,5,30,0,'2020-12-23','2020-12-23','2020-12-23',1,0),(66,5,35,0,'2021-01-15','2021-01-15','2021-01-15',1,0),(67,5,17,0,'2021-01-16','2021-01-16','2021-01-16',1,0),(68,5,38,0,'2021-02-14','2021-02-14','2021-02-14',1,0),(69,5,37,0,'2021-02-14','2021-02-14','2021-02-14',1,0),(70,5,40,0,'2021-02-22','2021-02-22','2021-02-22',1,0),(71,5,41,0,'2021-03-05','2021-03-05','2021-03-05',1,0),(72,5,36,0,'2021-04-22','2021-04-22','2021-04-22',1,0),(73,5,44,0,'2021-04-22','2021-04-22','2021-04-22',1,0),(74,5,43,0,'2021-04-22','2021-04-22','2021-04-22',1,0),(75,5,42,0,'2021-04-22','2021-04-22','2021-04-22',1,0),(76,5,50,0,'2021-08-19','2021-08-19','2021-08-19',1,0),(77,5,50,6,'2021-08-19','2021-08-19','2021-08-19',1,0),(78,53,32,0,'2021-10-28','2021-10-28','2021-10-28',1,0),(79,5,55,0,'2022-01-12','2022-01-12','2022-01-12',1,0),(80,5,54,0,'2022-01-12','2022-01-12','2022-01-12',1,0),(81,5,47,0,'2022-01-12','2022-01-12','2022-01-12',1,0),(82,5,52,0,'2022-01-12','2022-01-12','2022-01-12',1,0),(83,5,51,0,'2022-01-12','2022-01-12','2022-01-12',1,0),(84,5,48,0,'2022-01-12','2022-01-12','2022-01-12',1,0),(85,5,46,0,'2022-01-12','2022-01-12','2022-01-12',1,0),(86,55,37,0,'2022-01-25','2022-01-25','2022-01-25',1,0),(87,5,59,0,'2022-03-13','2022-03-13','2022-03-13',1,0),(88,5,58,0,'2022-03-13','2022-03-13','2022-03-13',1,0),(89,5,57,0,'2022-03-13','2022-03-13','2022-03-13',1,0),(90,68,47,0,'2022-07-18','2022-07-18','2022-07-18',1,0),(91,72,68,0,'2022-07-23','2022-07-23','2022-07-23',1,0),(92,71,72,0,'2022-07-26','2022-07-26','2022-07-26',1,0),(93,71,72,3,'2022-07-26','2022-07-26','2022-07-26',1,0),(94,71,72,1,'2022-07-26','2022-07-26','2022-07-26',1,0),(95,71,55,0,'2022-07-26','2022-07-26','2022-07-26',1,0),(96,71,47,0,'2022-07-26','2022-07-26','2022-07-26',1,0);
/*!40000 ALTER TABLE `profile_visit_analytics` ENABLE KEYS */;
UNLOCK TABLES;

--
-- Table structure for table `relationships`
--

DROP TABLE IF EXISTS `relationships`;
/*!40101 SET @saved_cs_client     = @@character_set_client */;
/*!50503 SET character_set_client = utf8mb4 */;
CREATE TABLE `relationships` (
  `id` bigint unsigned NOT NULL AUTO_INCREMENT,
  `user_id` varchar(191) COLLATE utf8mb4_unicode_ci NOT NULL,
  `friend_id` varchar(191) COLLATE utf8mb4_unicode_ci NOT NULL,
  `status` varchar(191) COLLATE utf8mb4_unicode_ci NOT NULL,
  `dateRequested` datetime DEFAULT NULL,
  `dateAccepted` datetime DEFAULT NULL,
  `dateRejected` datetime DEFAULT NULL,
  `dateBlocked` datetime DEFAULT NULL,
  `created_at` timestamp NULL DEFAULT NULL,
  `updated_at` timestamp NULL DEFAULT NULL,
  PRIMARY KEY (`id`)
) ENGINE=InnoDB DEFAULT CHARSET=utf8mb4 COLLATE=utf8mb4_unicode_ci;
/*!40101 SET character_set_client = @saved_cs_client */;

--
-- Dumping data for table `relationships`
--

LOCK TABLES `relationships` WRITE;
/*!40000 ALTER TABLE `relationships` DISABLE KEYS */;
/*!40000 ALTER TABLE `relationships` ENABLE KEYS */;
UNLOCK TABLES;

--
-- Table structure for table `report_user`
--

DROP TABLE IF EXISTS `report_user`;
/*!40101 SET @saved_cs_client     = @@character_set_client */;
/*!50503 SET character_set_client = utf8mb4 */;
CREATE TABLE `report_user` (
  `id` int NOT NULL AUTO_INCREMENT,
  `reported_by_user_id` int NOT NULL,
  `reported_for_user_id` int NOT NULL,
  `reported_text` text NOT NULL,
  `reported_reasons` varchar(100) NOT NULL,
  `created_on` date NOT NULL,
  `updated_on` date NOT NULL,
  `status` tinyint(1) NOT NULL DEFAULT '1',
  `is_deleted` tinyint(1) NOT NULL DEFAULT '0',
  PRIMARY KEY (`id`)
) ENGINE=InnoDB AUTO_INCREMENT=7 DEFAULT CHARSET=latin1;
/*!40101 SET character_set_client = @saved_cs_client */;

--
-- Dumping data for table `report_user`
--

LOCK TABLES `report_user` WRITE;
/*!40000 ALTER TABLE `report_user` DISABLE KEYS */;
INSERT INTO `report_user` VALUES (1,5,4,'','1,2,3,4,5','2019-05-23','2019-05-23',1,0),(2,5,2,'','1,2,3,4,5','2019-05-23','2019-05-23',1,0),(3,5,3,'','1,2,3,4,5','2019-05-23','2019-05-23',1,0),(4,5,6,'','0,0,0,0,5','2019-05-29','2019-05-29',1,0),(5,5,7,'','0,0,3,0,0','2019-05-29','2019-05-29',1,0),(6,7,5,'','1,0,0,0,5','2019-06-05','2019-06-05',1,0);
/*!40000 ALTER TABLE `report_user` ENABLE KEYS */;
UNLOCK TABLES;

--
-- Table structure for table `reports`
--

DROP TABLE IF EXISTS `reports`;
/*!40101 SET @saved_cs_client     = @@character_set_client */;
/*!50503 SET character_set_client = utf8mb4 */;
CREATE TABLE `reports` (
  `id` bigint unsigned NOT NULL AUTO_INCREMENT,
  `user_id` varchar(191) COLLATE utf8mb4_unicode_ci NOT NULL,
  `info` varchar(191) COLLATE utf8mb4_unicode_ci NOT NULL,
  `dateCreated` datetime DEFAULT NULL,
  `created_at` timestamp NULL DEFAULT NULL,
  `updated_at` timestamp NULL DEFAULT NULL,
  PRIMARY KEY (`id`)
) ENGINE=InnoDB DEFAULT CHARSET=utf8mb4 COLLATE=utf8mb4_unicode_ci;
/*!40101 SET character_set_client = @saved_cs_client */;

--
-- Dumping data for table `reports`
--

LOCK TABLES `reports` WRITE;
/*!40000 ALTER TABLE `reports` DISABLE KEYS */;
/*!40000 ALTER TABLE `reports` ENABLE KEYS */;
UNLOCK TABLES;

--
-- Table structure for table `resume_photos`
--

DROP TABLE IF EXISTS `resume_photos`;
/*!40101 SET @saved_cs_client     = @@character_set_client */;
/*!50503 SET character_set_client = utf8mb4 */;
CREATE TABLE `resume_photos` (
  `id` int NOT NULL AUTO_INCREMENT,
  `user_id` int NOT NULL,
  `resume_photo` varchar(255) NOT NULL,
  `is_featured` tinyint(1) NOT NULL DEFAULT '0',
  `updated_on` date NOT NULL,
  `status` tinyint(1) NOT NULL DEFAULT '1',
  `is_deleted` tinyint(1) NOT NULL DEFAULT '0',
  PRIMARY KEY (`id`)
) ENGINE=InnoDB DEFAULT CHARSET=latin1;
/*!40101 SET character_set_client = @saved_cs_client */;

--
-- Dumping data for table `resume_photos`
--

LOCK TABLES `resume_photos` WRITE;
/*!40000 ALTER TABLE `resume_photos` DISABLE KEYS */;
/*!40000 ALTER TABLE `resume_photos` ENABLE KEYS */;
UNLOCK TABLES;

--
-- Table structure for table `social_site_info`
--

DROP TABLE IF EXISTS `social_site_info`;
/*!40101 SET @saved_cs_client     = @@character_set_client */;
/*!50503 SET character_set_client = utf8mb4 */;
CREATE TABLE `social_site_info` (
  `id` int NOT NULL AUTO_INCREMENT,
  `socila_site_row_id` int NOT NULL,
  `social_siteId` varchar(150) NOT NULL,
  `social_siteUsername` varchar(150) NOT NULL,
  `website` varchar(150) DEFAULT NULL,
  `resume` varchar(150) DEFAULT NULL,
  `contact` varchar(50) DEFAULT NULL,
  `email` varchar(50) DEFAULT NULL,
  `user_id` int NOT NULL,
  `updated_on` date NOT NULL,
  `status` tinyint NOT NULL DEFAULT '1',
  `is_deleted` tinyint NOT NULL DEFAULT '0',
  PRIMARY KEY (`id`)
) ENGINE=InnoDB AUTO_INCREMENT=19 DEFAULT CHARSET=latin1;
/*!40101 SET character_set_client = @saved_cs_client */;

--
-- Dumping data for table `social_site_info`
--

LOCK TABLES `social_site_info` WRITE;
/*!40000 ALTER TABLE `social_site_info` DISABLE KEYS */;
INSERT INTO `social_site_info` VALUES (5,6,'','bry-goodpaster','','','','',6,'2019-05-25',1,0),(7,3,'','bry.good','','','','',6,'2019-05-25',1,0),(10,1,'','kchmurzynski','','','','',9,'2019-05-28',1,0),(13,2,'','realdonaldtrump','','','','',6,'2019-06-05',1,0),(14,1,'','PeachyMarasiganFinanceCoach','','','','',19,'2019-12-27',1,0),(15,6,'','@jojo_bleedem','','','','',50,'2021-08-19',1,0),(16,1,'','luna','','','','',72,'2022-07-23',1,0),(17,3,'','luna','','','','',72,'2022-07-23',1,0),(18,1,'','adi','','','','',71,'2022-07-26',1,0);
/*!40000 ALTER TABLE `social_site_info` ENABLE KEYS */;
UNLOCK TABLES;

--
-- Table structure for table `social_site_infos`
--

DROP TABLE IF EXISTS `social_site_infos`;
/*!40101 SET @saved_cs_client     = @@character_set_client */;
/*!50503 SET character_set_client = utf8mb4 */;
CREATE TABLE `social_site_infos` (
  `id` bigint unsigned NOT NULL AUTO_INCREMENT,
  `user_id` varchar(191) COLLATE utf8mb4_unicode_ci NOT NULL,
  `social_id` varchar(191) COLLATE utf8mb4_unicode_ci DEFAULT NULL,
  `social_username` varchar(191) COLLATE utf8mb4_unicode_ci DEFAULT NULL,
  `created_at` timestamp NULL DEFAULT NULL,
  `updated_at` timestamp NULL DEFAULT NULL,
  PRIMARY KEY (`id`)
) ENGINE=InnoDB AUTO_INCREMENT=39 DEFAULT CHARSET=utf8mb4 COLLATE=utf8mb4_unicode_ci;
/*!40101 SET character_set_client = @saved_cs_client */;

--
-- Dumping data for table `social_site_infos`
--

LOCK TABLES `social_site_infos` WRITE;
/*!40000 ALTER TABLE `social_site_infos` DISABLE KEYS */;
INSERT INTO `social_site_infos` VALUES (23,'19','2','eliyoung4ever','2025-08-22 00:43:26','2025-08-22 00:43:55'),(24,'19','3','eliyoung4now','2025-08-22 00:43:26','2025-08-22 00:43:55');
/*!40000 ALTER TABLE `social_site_infos` ENABLE KEYS */;
UNLOCK TABLES;

--
-- Table structure for table `social_sites`
--

DROP TABLE IF EXISTS `social_sites`;
/*!40101 SET @saved_cs_client     = @@character_set_client */;
/*!50503 SET character_set_client = utf8mb4 */;
CREATE TABLE `social_sites` (
  `id` int NOT NULL AUTO_INCREMENT,
  `social_site_name` varchar(255) NOT NULL,
  `social_site_logo` varchar(255) DEFAULT NULL,
  `display_order` int NOT NULL DEFAULT '1',
  `status` tinyint NOT NULL DEFAULT '1',
  `is_deleted` tinyint NOT NULL DEFAULT '0',
  PRIMARY KEY (`id`)
) ENGINE=InnoDB AUTO_INCREMENT=12 DEFAULT CHARSET=latin1;
/*!40101 SET character_set_client = @saved_cs_client */;

--
-- Dumping data for table `social_sites`
--

LOCK TABLES `social_sites` WRITE;
/*!40000 ALTER TABLE `social_sites` DISABLE KEYS */;
INSERT INTO `social_sites` VALUES (1,'Facebook','icon-social-facebook.png',1,1,0),(2,'Twitter','icon-social-twitter.png',1,1,0),(3,'Instagram','icon-social-instagram.png',1,1,0),(4,'LinkedIn','icon-social-linkedin.png',1,1,0),(5,'Youtube','icon-social-youtube.png',1,1,0),(6,'Snapchat','icon-social-snapchat.png',1,1,0),(7,'Twitch','icon-social-twitch.png',1,1,0),(8,'Email','icon-social-email.png',1,1,0),(9,'Website','icon-social-website.png',1,1,0),(10,'Contact','contact.png',1,1,0),(11,'Resume','icon-social-resume.png',1,1,0);
/*!40000 ALTER TABLE `social_sites` ENABLE KEYS */;
UNLOCK TABLES;

--
-- Table structure for table `users`
--

DROP TABLE IF EXISTS `users`;
/*!40101 SET @saved_cs_client     = @@character_set_client */;
/*!50503 SET character_set_client = utf8mb4 */;
CREATE TABLE `users` (
  `id` int NOT NULL AUTO_INCREMENT,
  `email` varchar(255) NOT NULL,
  `password` varchar(255) NOT NULL,
  `phone` varchar(50) NOT NULL,
  `first_name` varchar(150) DEFAULT NULL,
  `last_name` varchar(150) DEFAULT NULL,
  `profile_pic` varchar(191) CHARACTER SET latin1 COLLATE latin1_swedish_ci DEFAULT NULL,
  `cover_image` varchar(191) CHARACTER SET latin1 COLLATE latin1_swedish_ci DEFAULT '',
  `location` varchar(191) CHARACTER SET latin1 COLLATE latin1_swedish_ci DEFAULT NULL,
  `city` varchar(191) DEFAULT NULL,
  `dob` date DEFAULT NULL,
  `politics` varchar(150) DEFAULT NULL,
  `religion` varchar(150) DEFAULT NULL,
  `education` varchar(255) DEFAULT NULL,
  `occupation` varchar(255) DEFAULT NULL,
  `sexuality` varchar(100) DEFAULT NULL,
  `gender` varchar(255) NOT NULL DEFAULT '',
  `relationship` varchar(255) DEFAULT NULL,
  `bio` text CHARACTER SET utf8mb4 COLLATE utf8mb4_unicode_ci,
  `user_role` int NOT NULL DEFAULT '2',
  `politics_updated_on` datetime DEFAULT NULL,
  `religion_updated_on` datetime DEFAULT NULL,
  `occupation_updated_on` datetime DEFAULT NULL,
  `sexuality_updated_on` datetime DEFAULT NULL,
  `bio_updated_on` datetime DEFAULT NULL,
  `social_email` varchar(150) DEFAULT NULL,
  `website` varchar(150) DEFAULT NULL,
  `resume` varchar(150) DEFAULT NULL,
  `contact` varchar(150) DEFAULT NULL,
  `ghost_mode_flag` tinyint DEFAULT '0' COMMENT '1=on,0=off',
  `profile_like_count` int NOT NULL DEFAULT '0',
  `login_status` tinyint DEFAULT '0' COMMENT '1=login, 0=logout',
  `subscription_type` int NOT NULL DEFAULT '2' COMMENT '1=paid,2=free',
  `device_token` varchar(191) CHARACTER SET latin1 COLLATE latin1_swedish_ci DEFAULT NULL,
  `salt` varchar(50) DEFAULT NULL,
  `created_on` datetime DEFAULT NULL,
  `updated_on` datetime DEFAULT NULL,
  `status` tinyint NOT NULL DEFAULT '1' COMMENT '1=active,3=blocked by admin',
  `is_deleted` tinyint NOT NULL DEFAULT '0',
  `created_at` timestamp NULL DEFAULT NULL,
  `updated_at` timestamp NULL DEFAULT NULL,
  PRIMARY KEY (`id`)
) ENGINE=InnoDB AUTO_INCREMENT=87 DEFAULT CHARSET=latin1;
/*!40101 SET character_set_client = @saved_cs_client */;

--
-- Dumping data for table `users`
--

LOCK TABLES `users` WRITE;
/*!40000 ALTER TABLE `users` DISABLE KEYS */;
INSERT INTO `users` VALUES (1,'admin@gmail.com','0e7517141fb53f21ee439b355b5a1d0a','9874363175',NULL,NULL,'default.png','','',NULL,NULL,NULL,NULL,NULL,NULL,NULL,'',NULL,NULL,1,NULL,NULL,NULL,NULL,NULL,'','abc.com','1554801608-fl.jpeg','',0,0,1,2,'sasasasasasasasasa',NULL,'2018-04-02 00:00:00','2019-04-08 00:00:00',1,0,NULL,NULL),(2,'ritwik@gmail.com','e10adc3949ba59abbe56e057f20f883e','9898989898989','AAAAAA','ASSSSS','1540633577-Profile.png','1557142804-CoverProfile.png','Kolkata, West Bengal ',NULL,'1995-10-27','Green Party','Hinduism','MBBS','Developer','Heterosexual','Male','In a relationship','',2,NULL,NULL,NULL,NULL,NULL,'','','1554722375-resume.png','',0,0,0,2,'sasasasasasasasasa',NULL,'2018-05-03 00:00:00','2019-04-27 00:00:00',3,0,NULL,NULL),(3,'souvik.bose.ncrts@gmail.com','3c62d09d0901c38fc0a59bdda23393e6','97886523658','Souvik','Bose','1530258985-Profile.png','','West Bengal',NULL,'1985-06-29',NULL,NULL,'Msc',NULL,NULL,'','Single','Asffasfasfasfasfasfasfasfasfasfasfasfasfasfasfasfasfasfasfasfasfasfasfasfasfasfasfasfasfsafasfasfasfasfasfasfasfasfasfasfasfasfasfasdfasfasfasfgadsgadsgdsgdsgdsgdsgsdfgdfbhdfbhdfgbnfgngdngngncvngcdndgndgththdfgbcdfgbndfgbhndfgbhndfgbhndfgbhdfgghdetghdfgbhdfh',2,NULL,NULL,NULL,NULL,NULL,NULL,NULL,NULL,NULL,0,1,1,2,'sasasasasasasasasa','759763','2018-06-29 00:00:00','2018-06-29 00:00:00',3,0,NULL,NULL),(4,'ritwik.ncrts@gmail.com','3c62d09d0901c38fc0a59bdda23393e6','8455745235','Ritwik','Ghosh','1545482231-Profile.png','1558001932-CoverProfile.png','Kolkata,Indian',NULL,'1990-12-22',NULL,'Hinduism','B.Tech','Software Engineer','Prefer not to say','','Single',NULL,2,NULL,NULL,NULL,NULL,NULL,NULL,NULL,NULL,NULL,1,1,0,2,'sasasasasasasasasa','414848','2018-12-22 00:00:00','2018-12-22 00:00:00',3,0,NULL,NULL),(5,'nolanbias99@gmail.com','1e296d75ae48cbd6ae2b5be780544472','5132847947','Nolan','Bias','1563399936-Profile.png','1563400013-CoverProfile.png','Cincinnati, Ohio',NULL,'1999-04-17','Independant','None (Atheist)','1 year of college','Founder of Calibrr','Heterosexual','Male','Single','jkjkkkk',2,NULL,NULL,NULL,NULL,NULL,'','',NULL,'',0,0,1,2,'sasasasasasasasasa',NULL,'2019-05-22 00:00:00','2021-03-05 00:00:00',1,0,NULL,NULL),(6,'bryson_goodpaster@aol.com','e5efde770631e1531837cffebf39c1e5','5138490600','Bryson','Goodpaster ','1559693847-Profile.png','1558748849-CoverProfile.png','Trenton, Ohio ',NULL,'1999-06-11','Prefer not to say','None (Agnostic)','Edgewood High School ','Interstate warehousing ','Heterosexual','Male','Single','',2,NULL,NULL,NULL,NULL,NULL,'','',NULL,'',0,0,1,2,'sasasasasasasasasa',NULL,'2019-05-23 00:00:00','2019-06-05 00:00:00',3,0,NULL,NULL),(7,'biasdesign@msn.com','e96c35c802eaa48196e822cac8008956','5135608630','Bobby','Bias','1558618628-Profile.png','1558624732-CoverProfile.png','Cincinnati',NULL,'1971-08-26',NULL,NULL,'University of Cincinnati - DAAP',NULL,'Heterosexual','Male','Married','',2,NULL,NULL,NULL,NULL,NULL,NULL,NULL,NULL,NULL,0,0,1,2,'sasasasasasasasasa',NULL,'2019-05-23 00:00:00','2019-05-23 00:00:00',3,0,NULL,NULL),(8,'flyflyerson4@gmail.com','2c9341ca4cf3d87b9e4eb905d6a3ec45','','Tim','Apple','default.png','1558706302-CoverProfile.png','San Francisco ',NULL,'1975-05-24','Independant','Christianity','None','None','Bisexual','Male','Happily Single','Test',2,NULL,NULL,NULL,NULL,NULL,NULL,NULL,NULL,NULL,0,1,0,2,'sasasasasasasasasa',NULL,'2019-05-24 00:00:00','2019-05-24 00:00:00',1,0,NULL,NULL),(9,'kamil.c@toptal.com','2ac9cb7dc02b3c0083eb70898e549b63','','Kamil','Chmurzynski','1558966186-Profile.png','1558957146-CoverProfile.png','Fdsfsd',NULL,'1991-05-27','Independant','None (Atheist)','Aaaaa','Bbbbb','A','Male','Married','Bbbbb',2,NULL,NULL,NULL,NULL,NULL,'','',NULL,'',0,0,1,2,'sasasasasasasasasa',NULL,'2019-05-27 00:00:00','2019-05-28 00:00:00',1,0,NULL,NULL),(10,'apple.tester@calibrr.com','29aa7acafb73866d6571e1a72f46c146','','Tester','Apple','default.png','','',NULL,NULL,NULL,NULL,NULL,NULL,NULL,'',NULL,NULL,2,NULL,NULL,NULL,NULL,NULL,NULL,NULL,NULL,NULL,0,0,0,2,'sasasasasasasasasa',NULL,'2019-05-27 00:00:00','2019-05-27 00:00:00',1,0,NULL,NULL),(11,'flyflyerson3@gmail.com','75a593a34aa5ba8e5e5788b7c899802e','','Tim','Apple','1559044401-Profile.png','','San Jose ',NULL,'1980-05-28','Prefer not to say','Prefer not to say','High school','Test','Prefer not to say','Female','Prefer not to say','Hello Tim of tests',2,NULL,NULL,NULL,NULL,NULL,NULL,NULL,NULL,NULL,0,0,1,2,'sasasasasasasasasa',NULL,'2019-05-28 00:00:00','2019-05-28 00:00:00',1,0,NULL,NULL),(12,'apple.subscribed@calibrr.com','29aa7acafb73866d6571e1a72f46c146','','Subscribed','Apple','1559160462-Profile.png','1559160550-CoverProfile.png','San Francisco ',NULL,'1984-05-29','Liberal','Prefer not to say','Na','Apple','Prefer not to say','Female','Prefer not to say','',2,NULL,NULL,NULL,NULL,NULL,NULL,NULL,NULL,NULL,0,0,0,2,'sasasasasasasasasa',NULL,'2019-05-29 00:00:00','2019-05-29 00:00:00',1,0,NULL,NULL),(13,'apple.expired@calibrr.com','29aa7acafb73866d6571e1a72f46c146','','Expired','Apple','1559161331-Profile.png','1559161297-CoverProfile.png','Sf',NULL,'1977-05-29','Prefer not to say','Prefer not to say','Na','Na','Prefer not to say','Male','Prefer not to say','',2,NULL,NULL,NULL,NULL,NULL,NULL,NULL,NULL,NULL,0,0,0,2,'sasasasasasasasasa',NULL,'2019-05-29 00:00:00','2019-05-29 00:00:00',1,0,NULL,NULL),(14,'tester1@calibrr.com','2ac9cb7dc02b3c0083eb70898e549b63','','Test','Testee','default.png','','',NULL,NULL,NULL,NULL,NULL,NULL,NULL,'',NULL,NULL,2,NULL,NULL,NULL,NULL,NULL,NULL,NULL,NULL,NULL,0,0,1,2,'sasasasasasasasasa',NULL,'2019-05-31 00:00:00','2019-05-31 00:00:00',1,0,NULL,NULL),(15,'t@t.com','2ac9cb7dc02b3c0083eb70898e549b63','1234','Tester','Testee','1560935829-Profile.png','1560935665-CoverProfile.png','looo',NULL,'1989-06-19','Independant','Islam','asda','hddfv',NULL,'',NULL,'Loooong lalalalala',2,NULL,NULL,NULL,NULL,NULL,NULL,NULL,NULL,NULL,0,0,1,2,'sasasasasasasasasa',NULL,'2019-06-13 00:00:00','2019-07-10 00:00:00',1,0,NULL,NULL),(16,'muzair@gmail.com','9377adcfc2a2195c3d8a4fb3d9ca8658','923322688000','muhammad','uzair','1563994400-Profile.png','1563994382-CoverProfile.png','',NULL,NULL,NULL,NULL,NULL,NULL,NULL,'',NULL,'',2,NULL,NULL,NULL,NULL,NULL,NULL,NULL,NULL,NULL,0,0,1,2,'sasasasasasasasasa',NULL,'2019-07-23 00:00:00','2019-07-24 00:00:00',1,0,NULL,NULL),(17,'johnsnow7@gmail.com','fd94771d7f779f01298ec8a581702b30','','John','Snow','default.png','','',NULL,NULL,NULL,NULL,NULL,NULL,NULL,'',NULL,NULL,2,NULL,NULL,NULL,NULL,NULL,NULL,NULL,NULL,NULL,0,0,1,2,'sasasasasasasasasa',NULL,'2019-09-17 00:00:00','2019-09-17 00:00:00',1,0,NULL,NULL),(18,'esquilonapauline@gmail.com','033abee818d587cb9d1e9ee94ba9db5d','09263164286','Pauline Angela','Esquilona','default.png','','',NULL,NULL,NULL,NULL,NULL,NULL,NULL,'',NULL,NULL,2,NULL,NULL,NULL,NULL,NULL,NULL,NULL,NULL,NULL,0,0,1,2,'sasasasasasasasasa',NULL,'2019-11-21 00:00:00','2019-11-21 00:00:00',1,0,NULL,NULL),(19,'mommyknowsmoneyph@gmail.com','532ab4d2bbcc461398d494905db10c95','09175551193','Peachy','Marasigan','1577416493-Profile.png','','Las Pinas',NULL,'1974-02-19',NULL,NULL,'DLSU Taft / CommArts','Unit Manager / Financial Advisor',NULL,'Female','Married','',2,NULL,NULL,NULL,NULL,NULL,'','',NULL,'',1,0,0,2,'sasasasasasasasasa',NULL,'2019-12-27 00:00:00','2019-12-27 00:00:00',4,1,NULL,NULL),(20,'Daosfaith@gmail.com','1f1e87b45e3bd9ec00c1432cd03a583c','09366461015','Angela Faith Antoinette ','Daos','default.png','','Makati',NULL,'1998-10-15',NULL,'Christianity','Polytechnic University of the Philippines',NULL,NULL,'Female','Happily Single','',2,NULL,NULL,NULL,NULL,NULL,NULL,NULL,NULL,NULL,0,0,0,2,'sasasasasasasasasa',NULL,'2020-01-14 00:00:00','2020-01-14 00:00:00',4,1,NULL,NULL),(21,'era_bea@yahoo.com','79e018e26713ff64975cf83d3554c201','09068854356','Bea','Era','1579051965-Profile.png','','Pateros',NULL,'1994-08-27',NULL,'Christianity','Camarines Norte State College','Business Development Officer','Prefer not to say','Female','Single','',2,NULL,NULL,NULL,NULL,NULL,NULL,NULL,NULL,NULL,0,0,1,2,'sasasasasasasasasa',NULL,'2020-01-15 00:00:00','2020-01-15 00:00:00',1,0,NULL,NULL),(22,'wahyunichairunisa66@gmail.com','3e98f8086deea798b25557aed82f02f6','081372867071','Wahyuni','Chairunisa','default.png','1580050288-CoverProfile.png','South jakarta',NULL,'1997-08-20','Democrat','Islam','Bachelor of political science','Fresh graduated','Heterosexual','Female','Single','Think big do local and action now',2,NULL,NULL,NULL,NULL,NULL,NULL,NULL,NULL,NULL,0,0,1,2,'sasasasasasasasasa',NULL,'2020-01-26 00:00:00','2020-01-26 00:00:00',1,0,NULL,NULL),(23,'ebaumhart@taftlaw.com','d5c625185df91a4ceb73e10aa309c016','','Elizabeth','Baumhart','default.png','','Indianapolis Indiana ',NULL,'1991-11-16','Prefer not to say','Prefer not to say','Arizona','Law','Prefer not to say','Female','Prefer not to say','',2,NULL,NULL,NULL,NULL,NULL,NULL,NULL,NULL,NULL,0,0,1,2,'sasasasasasasasasa',NULL,'2020-02-05 00:00:00','2020-02-05 00:00:00',1,0,NULL,NULL),(24,'fusuyafotsum@gmail.com','a1c7d80b4f9e9b91ca84ac1d5489c26c','082120102037','Yusuf','Mustofa','1584591812-Profile.png','1584591839-CoverProfile.png','Bandung ',NULL,'1996-01-01','Democrat','Islam','Sma',NULL,'Heterosexual','Male','Single','Adab iman ilmu amal',2,NULL,NULL,NULL,NULL,NULL,NULL,NULL,NULL,NULL,0,0,1,2,'sasasasasasasasasa',NULL,'2020-03-19 00:00:00','2020-03-19 00:00:00',1,0,NULL,NULL),(25,'annastasya.wijaya@gmail.com','b4d6022aa5b6c3c8395d10873813d1e0','081310113118','Annastasya','Annastasya','default.png','','Jakarta',NULL,'1992-11-19','Prefer not to say','Christianity','Trisakti School of Management','Manajer project at David Entertainment','Prefer not to say','Female','Single','',2,NULL,NULL,NULL,NULL,NULL,NULL,NULL,NULL,NULL,0,0,1,2,'sasasasasasasasasa',NULL,'2020-06-05 00:00:00','2020-06-05 00:00:00',1,0,NULL,NULL),(26,'isabellegatienza@gmail.com','2c38598c36ddfd61f420df9a8763c4f1','09565269908','Isabelle','Atienza','default.png','','Quezon City',NULL,'1999-06-28','Democrat','Christianity','University of British Columbia ','Student','Heterosexual','Female','Happily Single','',2,NULL,NULL,NULL,NULL,NULL,NULL,NULL,NULL,NULL,0,0,0,2,'sasasasasasasasasa',NULL,'2020-08-03 00:00:00','2020-08-03 00:00:00',4,1,NULL,NULL),(27,'ehinderokingdavid1@gmail.com','4616409d695cbd58679d07135c33aeac','09011708881','Ki','Sfafsg','default.png','','',NULL,NULL,NULL,NULL,NULL,NULL,NULL,'',NULL,NULL,2,NULL,NULL,NULL,NULL,NULL,NULL,NULL,NULL,NULL,0,0,1,2,'sasasasasasasasasa',NULL,'2020-08-04 00:00:00','2020-08-04 00:00:00',1,0,NULL,NULL),(28,'desakapriliani20@gmail.com','052a4246d39c7cddb9487bc10f71e020','085739473616','Desak','Apriliani','default.png','','Badung',NULL,'1997-04-20','Democrat','Hinduism','Politeknik Neger Bali','Indonesia','Male','Female','Single','',2,NULL,NULL,NULL,NULL,NULL,NULL,NULL,NULL,NULL,0,0,0,2,'sasasasasasasasasa',NULL,'2020-09-08 00:00:00','2020-09-08 00:00:00',4,1,NULL,NULL),(29,'sisraconremylee@yahoo.com','14a811546b91a50b6c8ba0f0a910e342','09158638718','Remy-Lee','Sisracon','default.png','','Bacoor Cavite',NULL,'1998-07-12',NULL,'Christianity','HRD Graduate at De La Salle University Dasmarinas','Administrative Assistant','Heterosexual','Female','Single','',2,NULL,NULL,NULL,NULL,NULL,NULL,NULL,NULL,NULL,0,0,1,2,'sasasasasasasasasa',NULL,'2020-09-09 00:00:00','2020-09-09 00:00:00',1,0,NULL,NULL),(30,'ramadhania23@gmail.com','675c23f20f47982c6cdfdbf40bcce917','082113493919','Ramadhania','Irvana','default.png','','',NULL,NULL,NULL,NULL,NULL,NULL,NULL,'',NULL,NULL,2,NULL,NULL,NULL,NULL,NULL,NULL,NULL,NULL,NULL,0,1,1,2,'sasasasasasasasasa',NULL,'2020-10-14 00:00:00','2020-10-14 00:00:00',1,0,NULL,NULL),(31,'amhie.castelltort@yahoo.com','45dac8c677ae094a2f39cb71891cb0c6','09171820441','Amelia Joyce','De Guzman','default.png','','Laguna',NULL,'1992-07-16','Prefer not to say','Catholic','College degree','None','Heterosexual','Female','Married','A degree holder of Bachelor of Science major in Psychology. Has an experience being an HR Specialist for 3 yrs specializing in recruitment. Has a good communication skills and time management.',2,NULL,NULL,NULL,NULL,NULL,NULL,NULL,NULL,NULL,0,0,1,2,'sasasasasasasasasa','137928','2020-10-19 00:00:00','2020-10-19 00:00:00',1,0,NULL,NULL),(32,'marlynlie001@gmail.con','3f24aac267377d2f8a53f1ebb3d49223','082168303795','Marlyn','Lie','default.png','','Jakarta ',NULL,'2000-03-01','Prefer not to say','Buddhism','Universitas Tarumanagara - FSRD -design Interior ','Student ',NULL,'Female','Single','',2,NULL,NULL,NULL,NULL,NULL,NULL,NULL,NULL,NULL,0,0,1,2,'sasasasasasasasasa',NULL,'2020-10-27 00:00:00','2020-10-27 00:00:00',1,0,NULL,NULL),(33,'syiriensungkar@gmail.com','658b10dacb6c5b815733746e5b3d91aa','087885275766','Syirien ','Safila','default.png','','',NULL,NULL,NULL,NULL,NULL,NULL,NULL,'',NULL,NULL,2,NULL,NULL,NULL,NULL,NULL,NULL,NULL,NULL,NULL,0,0,1,2,'sasasasasasasasasa',NULL,'2020-10-30 00:00:00','2020-10-30 00:00:00',1,0,NULL,NULL),(34,'dakadak7@yahoo.com','bc1faa0fafaba297e21e04719cb12edc','081286570795','Denny ','Hamzah','default.png','','DKI Jakarta ',NULL,'1998-01-07','Independant','Islam','Study Law at University Trisakti',NULL,NULL,'Male','In a relationship','No Pain No Gain',2,NULL,NULL,NULL,NULL,NULL,NULL,NULL,NULL,NULL,0,0,0,2,'sasasasasasasasasa',NULL,'2020-11-06 00:00:00','2020-11-06 00:00:00',4,1,NULL,NULL),(35,'sheilahrnd@gmail.com','c849895e378bf9f57374ca50c4d5b0a6','','Sheila','Salsabila Heranda Putri','default.png','','Jakarta',NULL,'1999-08-31',NULL,NULL,'Institut Teknologi Sepuluh Nopember','Student',NULL,'female','Happily Single','',2,NULL,NULL,NULL,NULL,NULL,NULL,NULL,NULL,NULL,0,0,1,2,'sasasasasasasasasa',NULL,'2020-12-31 00:00:00','2020-12-31 00:00:00',1,0,NULL,NULL),(36,'guiamariefesarillo@gmail.com','a5889ddbdf6cb64d248ea29ec6e29f6b','09351178015','Guia Marie','Fesarillo','default.png','','Caloocan',NULL,'1994-11-27',NULL,'Christianity','Office Administration ',NULL,NULL,'Female','Single','',2,NULL,NULL,NULL,NULL,NULL,NULL,NULL,NULL,NULL,0,0,1,2,'sasasasasasasasasa',NULL,'2021-01-18 00:00:00','2021-01-18 00:00:00',1,0,NULL,NULL),(37,'roselyn_1895@icloud.com','8370558cbad78a322f003e727c3d9766','09666822301','Roselyn','Arendain','default.png','','Pasay city',NULL,'1995-11-16',NULL,'Christianity','Sti','Barista','Prefer not to say','Female','Single','',2,NULL,NULL,NULL,NULL,NULL,NULL,NULL,NULL,NULL,0,0,1,2,'sasasasasasasasasa',NULL,'2021-01-19 00:00:00','2021-01-19 00:00:00',1,0,NULL,NULL),(38,'arcilljoymariz@gmail.com','af151ad9b3771d1099d7e07f9e5aafe7','09554104080','Joy Mariz','Dungog','default.png','','Cebu City',NULL,'1996-12-30',NULL,'Roman Catholic','University of Cebu','Helpdesk Associate',NULL,'Female','Prefer not to say','',2,NULL,NULL,NULL,NULL,NULL,NULL,NULL,NULL,NULL,1,0,1,2,'sasasasasasasasasa',NULL,'2021-01-25 00:00:00','2021-01-25 00:00:00',1,0,NULL,NULL),(39,'theladypreferstosave@gmail.com','bc483a94dc46897869964eb80d55d552','6014624075','Nicole','Overstreet','default.png','','Oshkosh, Wi',NULL,'1983-01-13','Prefer not to say','Christianity','J.D. University of Mississippi','Blogger','Heterosexual','Female','In a relationship','',2,NULL,NULL,NULL,NULL,NULL,NULL,NULL,NULL,NULL,0,0,1,2,'sasasasasasasasasa',NULL,'2021-01-29 00:00:00','2021-01-29 00:00:00',1,0,NULL,NULL),(40,'secretblitz5@gmail.com','1e296d75ae48cbd6ae2b5be780544472','5139160077','nolan','bias','default.png','','',NULL,NULL,NULL,NULL,NULL,NULL,NULL,'',NULL,NULL,2,NULL,NULL,NULL,NULL,NULL,NULL,NULL,NULL,NULL,0,0,1,2,'sasasasasasasasasa',NULL,'2021-02-21 00:00:00','2021-02-21 00:00:00',1,0,NULL,NULL),(41,'almirareizzianni128@gmail.com','26c4f74b44a6a2390c17c0ae2b1d9d4f','081294642823','Almira','Reizzianni','default.png','','Banten',NULL,'1999-08-12','Prefer not to say','Islam','Bachelor Degree',NULL,NULL,'Female','Single','',2,NULL,NULL,NULL,NULL,NULL,NULL,NULL,NULL,NULL,0,0,1,2,'sasasasasasasasasa',NULL,'2021-03-02 00:00:00','2021-03-02 00:00:00',1,0,NULL,NULL),(42,'syifsabila@yahoo.com','59c434c04ab3c40ed1a8eba66126f31b','0818612345','Syifa','Salsabila','default.png','','Jakarta',NULL,'1998-02-25',NULL,NULL,'Universitas Pelita Harapan','Bachelors Degree','Heterosexual','Female','Prefer not to say','',2,NULL,NULL,NULL,NULL,NULL,NULL,NULL,NULL,NULL,0,0,1,2,'sasasasasasasasasa',NULL,'2021-03-10 00:00:00','2021-03-10 00:00:00',1,0,NULL,NULL),(43,'jannamarieelloso@gmail.con','b7d3824435e4221c6f14ec0ffaf08b6f','09760612969','Jam','Elloso','default.png','','Muntinlupa City, Brgy. Poblacion',NULL,'2003-06-13',NULL,NULL,'University of Asia and the Pacific','None','Prefer not to say','Female','In a relationship','',2,NULL,NULL,NULL,NULL,NULL,NULL,NULL,NULL,NULL,0,0,1,2,'sasasasasasasasasa',NULL,'2021-03-22 00:00:00','2021-03-22 00:00:00',1,0,NULL,NULL),(44,'zoe.sagalife@gmail.com','3d63506cccf31c015750d0722808c65f','081293807315','Meggy Anindya','Lawalata','default.png','','',NULL,NULL,NULL,NULL,NULL,NULL,NULL,'',NULL,NULL,2,NULL,NULL,NULL,NULL,NULL,NULL,NULL,NULL,NULL,0,0,1,2,'sasasasasasasasasa',NULL,'2021-03-30 00:00:00','2021-03-30 00:00:00',1,0,NULL,NULL),(45,'frany.emmanuela@gmail.com','5be9189df3b4c503e7f0b4ac70978217','','frany','emmanuela','default.png','','',NULL,NULL,NULL,NULL,NULL,NULL,NULL,'',NULL,NULL,2,NULL,NULL,NULL,NULL,NULL,NULL,NULL,NULL,NULL,0,0,0,2,'sasasasasasasasasa',NULL,'2021-05-22 00:00:00','2021-05-22 00:00:00',4,1,NULL,NULL),(46,'clarissatiffany29@gmail.com','1b98ee7dbbfab13cb1a0cc547fd6991f','081296507276','Clarissa ','Tifanny','default.png','','',NULL,NULL,NULL,NULL,NULL,NULL,NULL,'',NULL,NULL,2,NULL,NULL,NULL,NULL,NULL,NULL,NULL,NULL,NULL,0,0,1,2,'sasasasasasasasasa',NULL,'2021-05-28 00:00:00','2021-05-28 00:00:00',1,0,NULL,NULL),(47,'anastasiasharonjautan@gmail.com','c23b7aa4048868c751d834d99c5a486b','085956533299','Anastasia','Sharon Jautan','default.png','','Jakarta',NULL,'1998-07-21',NULL,NULL,'Apothecary at Universitas Indonesia',NULL,NULL,'Female','Single','',2,NULL,NULL,NULL,NULL,NULL,NULL,NULL,NULL,NULL,0,0,1,2,'sasasasasasasasasa',NULL,'2021-07-22 00:00:00','2021-07-22 00:00:00',1,0,NULL,NULL),(48,'angel.manda7617@gmaul.com','868903818a39ec1e309565245eeb9ebc','087843216339','Miranda','Angelia','default.png','','Tangerang selatan',NULL,'2002-06-07',NULL,'Islam','SMAN 7 TANGERANG SELATAN',NULL,NULL,'Male','Single','',2,NULL,NULL,NULL,NULL,NULL,NULL,NULL,NULL,NULL,0,0,1,2,'sasasasasasasasasa',NULL,'2021-07-26 00:00:00','2021-07-26 00:00:00',1,0,NULL,NULL),(49,'nuryadin120901@gmail.com','6b552c3e8f4502b9ab73f696d18bb33d','082251965123','Nur','yadin','default.png','','Berau',NULL,'2001-09-12','Prefer not to say','Islam','Universitas Mulawarman ','college student','Prefer not to say','Male','Single','im cute',2,NULL,NULL,NULL,NULL,NULL,NULL,NULL,NULL,NULL,0,0,0,2,'sasasasasasasasasa',NULL,'2021-07-29 00:00:00','2021-07-29 00:00:00',4,1,NULL,NULL),(50,'kodadowork@gmail.com','a988d7d7320a80a215c564c819456d64','8146005606','Dakota','Aikens','default.png','','New castle, Delaware',NULL,'2006-04-26','Prefer not to say','Islam','William Penn High','Unemployment ','Heterosexual','Male','Single','Yup',2,NULL,NULL,NULL,NULL,NULL,'','',NULL,'',0,0,1,2,'sasasasasasasasasa',NULL,'2021-08-19 00:00:00','2021-08-19 00:00:00',1,0,NULL,NULL),(51,'dika.raditya87@gmail.com','45d4fbe7eae32df586c0a036e50eef46','0895353638366','dika','raditya','default.png','','surabaya',NULL,'1999-03-14','Independant','Hinduism','universitas pendidikan nasional','owner of zoe coffee ','Prefer not to say','Male','In a relationship','Fresh graduate marketing management student who passionate in business and coffee industry.',2,NULL,NULL,NULL,NULL,NULL,NULL,NULL,NULL,NULL,0,0,1,2,'sasasasasasasasasa',NULL,'2021-08-20 00:00:00','2021-08-20 00:00:00',1,0,NULL,NULL),(52,'ikhsaniputri72@gmail.com','6a948a6f70b6088501759e62ca989341','087722216694','Ikhsani','Putri','default.png','','',NULL,NULL,NULL,NULL,NULL,NULL,NULL,'',NULL,NULL,2,NULL,NULL,NULL,NULL,NULL,NULL,NULL,NULL,NULL,0,0,1,2,'sasasasasasasasasa',NULL,'2021-09-16 00:00:00','2021-09-16 00:00:00',1,0,NULL,NULL),(53,'michellewijaya918@gmail.com','c3ebc96021819e73a9f2b40e3617486e','082298997269','Michelle','Michelle','default.png','','Jakarta ',NULL,'2000-12-18',NULL,'Buddhism','Universitas Tarumanagara ','Student','Heterosexual','Female','Single','',2,NULL,NULL,NULL,NULL,NULL,NULL,NULL,NULL,NULL,0,0,0,2,'sasasasasasasasasa',NULL,'2021-10-28 00:00:00','2021-10-28 00:00:00',4,1,NULL,NULL),(54,'evivisuryani@gmail.com','6d687e8bfa608230cdaf0e2aa1be6203','081310984548','evi','suryani','default.png','','Tangerang',NULL,'1996-09-18','Democrat','Islam','Bachelor Communication science','Office Staff','Prefer not to say','Female','Married','i like work',2,NULL,NULL,NULL,NULL,NULL,NULL,NULL,NULL,NULL,0,0,1,2,'sasasasasasasasasa',NULL,'2021-12-02 00:00:00','2021-12-02 00:00:00',1,0,NULL,NULL),(55,'joaquinnav26@gmail.com','2c6352e86f39c535aea3489ae39d8ee8','09171735550','Joaquin','Navas','default.png','','',NULL,NULL,NULL,NULL,NULL,NULL,NULL,'',NULL,NULL,2,NULL,NULL,NULL,NULL,NULL,NULL,NULL,NULL,NULL,0,0,1,2,'sasasasasasasasasa',NULL,'2022-01-03 00:00:00','2022-01-03 00:00:00',1,0,NULL,NULL),(56,'drivus@yahoo.com','8287458823facb8ff918dbfabcd22ccb','','C','M','default.png','','Iasi',NULL,'1987-01-19',NULL,NULL,'It',NULL,NULL,'Male','Prefer not to say','',2,NULL,NULL,NULL,NULL,NULL,NULL,NULL,NULL,NULL,0,0,1,2,'sasasasasasasasasa',NULL,'2022-01-19 00:00:00','2022-01-19 00:00:00',1,0,NULL,NULL),(57,'agussulaeman177@gmail.com','9317d5e04fa2af7fca4af163e3857582','087736734266','Agus','Sulaeman','default.png','','Tangerang Selatan',NULL,'1999-02-22','Democrat','Islam','Universitas Muhammadiyah Jakarta','Manajemen','Heterosexual','Male','Single','',2,NULL,NULL,NULL,NULL,NULL,NULL,NULL,NULL,NULL,0,0,1,2,'sasasasasasasasasa',NULL,'2022-01-25 00:00:00','2022-01-25 00:00:00',1,0,NULL,NULL),(58,'nhessamarcastro2015@gmail.com','63818fc2d768648ce3b7a4910f48d76c','09267013801','Nhessa Mar','Cataloctocan ','default.png','','',NULL,NULL,NULL,NULL,NULL,NULL,NULL,'',NULL,NULL,2,NULL,NULL,NULL,NULL,NULL,NULL,NULL,NULL,NULL,0,0,1,2,'sasasasasasasasasa',NULL,'2022-01-29 00:00:00','2022-01-29 00:00:00',1,0,NULL,NULL),(59,'cruzhannalei@gmail.com','f64cf5a2cbaf98a4a66b0dbdddcc3e38','09288480370','Hanna Lei','Cruz','default.png','','Cainta',NULL,'1986-11-25','Prefer not to say','Prefer not to say','Miriam College, UP Diliman','BPO Senior Operations Manager','Prefer not to say','Female','Prefer not to say','',2,NULL,NULL,NULL,NULL,NULL,NULL,NULL,NULL,NULL,1,0,1,2,'sasasasasasasasasa',NULL,'2022-01-31 00:00:00','2022-01-31 00:00:00',1,0,NULL,NULL),(60,'wnurlaeli@gmail.com','5012a1cbc560d21c9ad22c555790c2b0','085732695983','Nur Laeli','Widodo','default.png','','',NULL,NULL,NULL,NULL,NULL,NULL,NULL,'',NULL,NULL,2,NULL,NULL,NULL,NULL,NULL,NULL,NULL,NULL,NULL,0,0,0,2,'sasasasasasasasasa',NULL,'2022-02-16 00:00:00','2022-02-16 00:00:00',4,1,NULL,NULL),(61,'denihamzah798@gmail.com','bc1faa0fafaba297e21e04719cb12edc','','Deni ','Hamzah','default.png','','',NULL,NULL,NULL,NULL,NULL,NULL,NULL,'',NULL,NULL,2,NULL,NULL,NULL,NULL,NULL,NULL,NULL,NULL,NULL,0,0,0,2,'sasasasasasasasasa',NULL,'2022-02-25 00:00:00','2022-02-25 00:00:00',4,1,NULL,NULL),(62,'compostela.corazon.maria@gmail.com','9a65298b8a72670fe77d2f06a5e38fc6','654783449','Ana','Rodrguez','default.png','','Madrid ',NULL,'1995-03-25',NULL,'Christianity','Complutense ',NULL,'Heterosexual','Female','Single','',2,NULL,NULL,NULL,NULL,NULL,NULL,NULL,NULL,NULL,0,0,1,2,'sasasasasasasasasa',NULL,'2022-03-25 00:00:00','2022-03-25 00:00:00',1,0,NULL,NULL),(63,'raahayu1123@gmail.com','1c11b08a20d324aa73cf8aabe8095df5','081366093723','Rahayu','Ayu','default.png','','Indonesia',NULL,'1999-08-10','Independant','Islam','Sekolah Ilmu Ekonomi Sabang','there isn\'t any','Justin Bieber','Female','Single','I am the firstborn child of three siblings, I\'m majoring in management',2,NULL,NULL,NULL,NULL,NULL,NULL,NULL,NULL,NULL,0,0,1,2,'sasasasasasasasasa',NULL,'2022-04-20 00:00:00','2022-04-20 00:00:00',1,0,NULL,NULL),(64,'cjencil@gmail.com','4941fcdf89ed7d558f3ea6b421086aa8','09055798090','Jencil','Coronado','default.png','','Pines peak tower 2 brgy barangka ilaya mandaluyong city',NULL,'1993-10-21',NULL,'Roman Catholic','Laguna College','Senior Finance Specialist',NULL,'Female','Married','Willing to learn more.',2,NULL,NULL,NULL,NULL,NULL,NULL,NULL,NULL,NULL,0,0,1,2,'sasasasasasasasasa',NULL,'2022-04-30 00:00:00','2022-04-30 00:00:00',1,0,NULL,NULL),(65,'arianisukmawati490@gmail.com','fc1be3c4c8fa3932f48a6c09159eea13','081220073975','Ariani','Sukmawati','default.png','','',NULL,NULL,NULL,NULL,NULL,NULL,NULL,'',NULL,NULL,2,NULL,NULL,NULL,NULL,NULL,NULL,NULL,NULL,NULL,0,0,1,2,'sasasasasasasasasa',NULL,'2022-06-12 00:00:00','2022-06-12 00:00:00',1,0,NULL,NULL),(66,'michellechel1005@gmail.com','541bd93ef12962ff7633f55fff806c17','088212257292','Michlle','Djerfui','default.png','','Jakarta barat',NULL,'2002-02-02','Prefer not to say','Prefer not to say','Cahaya kudus','Admin marketing',NULL,'Female','Single','',2,NULL,NULL,NULL,NULL,NULL,NULL,NULL,NULL,NULL,0,0,1,2,'sasasasasasasasasa',NULL,'2022-07-01 00:00:00','2022-07-01 00:00:00',1,0,NULL,NULL),(67,'dhitazertaa46@gmail.com','c490902b788c5e286db3c3b7089237b5','082110620142','Dhita','Febryandini','default.png','','DKI JAKARTA',NULL,'1994-02-13','Prefer not to say','Islam','BSI-Komputerisasi Akuntansi','Customer Service','Prefer not to say','Female','Happily Single','',2,NULL,NULL,NULL,NULL,NULL,NULL,NULL,NULL,NULL,0,0,0,2,'sasasasasasasasasa',NULL,'2022-07-05 00:00:00','2022-07-05 00:00:00',4,1,NULL,NULL),(68,'lunavo@yopmail.com','4f6e8013342e7acc5e9a58fff69d55be','','Luna','Vo','default.png','','Hhj',NULL,'1992-02-12',NULL,NULL,'Danang',NULL,NULL,'Male','Single','',2,NULL,NULL,NULL,NULL,NULL,NULL,NULL,NULL,NULL,0,0,0,2,'sasasasasasasasasa','964535','2022-07-18 00:00:00','2022-07-18 00:00:00',1,0,NULL,NULL),(69,'abc@gmail.com','7c79dd68b400e6b0c9f99f8f221dae26','0464945445','Abc','Abc','default.png','','Ok ',NULL,'2003-07-18',NULL,NULL,'Ok ','Uhm ',NULL,'Female','In a relationship','',2,NULL,NULL,NULL,NULL,NULL,NULL,NULL,NULL,NULL,0,0,1,2,'sasasasasasasasasa',NULL,'2022-07-18 00:00:00','2022-07-18 00:00:00',1,0,NULL,NULL),(70,'anderson1@gmail.com','4bffdc16981bbea82c4cf47a01e29a69','','anderson','anderson','default.png','','n',NULL,'1995-07-23','Independant','Prefer not to say','s','nn','Prefer not to say','Male','Single','no',2,NULL,NULL,NULL,NULL,NULL,NULL,NULL,NULL,NULL,0,0,1,2,'sasasasasasasasasa',NULL,'2022-07-23 00:00:00','2022-07-23 00:00:00',1,0,NULL,NULL),(71,'adi@gmail.com','25d55ad283aa400af464c76d713c07ad','','adi','adi','default.png','','a',NULL,'1991-07-26','abc','Christianity','university','abc','Prefer not to say','Male','Happily Single','just join and enjoy with me',2,NULL,NULL,NULL,NULL,NULL,'','',NULL,'',0,0,1,2,'sasasasasasasasasa',NULL,'2022-07-23 00:00:00','2022-07-26 00:00:00',1,0,NULL,NULL),(72,'lunavo2@yopmail.com','0088887ccf21cf8203cd404f88128df5','','Luna','Vo','default.png','','Danang',NULL,'1992-07-23','Independant','Hjj','Sg','Aaa','Prefer not to say','Female','Single','Luna Vo',2,NULL,NULL,NULL,NULL,NULL,'','',NULL,'',0,0,1,2,'sasasasasasasasasa',NULL,'2022-07-23 00:00:00','2022-07-23 00:00:00',1,0,NULL,NULL),(85,'eliyoung4now@gmail.com','$2y$10$WRmP6zo9Pjq9zKXD3jiKC.vMBALWEZWnwt/pGYWYgg8n/BGiPaKbS','6199302571','Eli','Y',NULL,'',NULL,NULL,'2010-01-01',NULL,NULL,NULL,NULL,NULL,'',NULL,NULL,2,NULL,NULL,NULL,NULL,NULL,NULL,NULL,NULL,NULL,0,1,0,2,NULL,NULL,NULL,NULL,1,0,'2025-08-23 02:23:47','2025-08-23 02:23:47'),(86,'bcastiglion@gmail.com','$2y$10$M2lW0DT6gQ/GxFNJeWlS/uIRAVQxqAdzHEGyxX2b7YSWhxJPFhTtO','6199302572','Bobby','C',NULL,'',NULL,NULL,'2010-01-01',NULL,NULL,NULL,NULL,NULL,'',NULL,NULL,2,NULL,NULL,NULL,NULL,NULL,NULL,NULL,NULL,NULL,0,1,0,2,NULL,NULL,NULL,NULL,1,0,'2025-08-23 02:24:26','2025-08-23 02:24:26');
/*!40000 ALTER TABLE `users` ENABLE KEYS */;
UNLOCK TABLES;
/*!40103 SET TIME_ZONE=@OLD_TIME_ZONE */;

/*!40101 SET SQL_MODE=@OLD_SQL_MODE */;
/*!40014 SET FOREIGN_KEY_CHECKS=@OLD_FOREIGN_KEY_CHECKS */;
/*!40014 SET UNIQUE_CHECKS=@OLD_UNIQUE_CHECKS */;
/*!40101 SET CHARACTER_SET_CLIENT=@OLD_CHARACTER_SET_CLIENT */;
/*!40101 SET CHARACTER_SET_RESULTS=@OLD_CHARACTER_SET_RESULTS */;
/*!40101 SET COLLATION_CONNECTION=@OLD_COLLATION_CONNECTION */;
/*!40111 SET SQL_NOTES=@OLD_SQL_NOTES */;

-- Dump completed on 2025-08-23  2:46:23
